latitude,longitude,elevation,utc_offset_seconds,timezone,timezone_abbreviation
21.61687,105.84442,34.0,0,GMT,GMT

time,rain_sum (mm),temperature_2m_max (°C),temperature_2m_min (°C),temperature_2m_mean (°C)
2020-06-20,1.90,33.0,27.0,29.7
2020-06-21,0.10,34.8,27.5,30.9
2020-06-22,0.00,35.4,27.9,31.6
2020-06-23,0.30,35.8,27.6,31.2
2020-06-24,0.00,35.3,27.4,30.9
2020-06-25,4.30,30.5,27.4,28.7
2020-06-26,0.50,34.3,27.7,30.1
2020-06-27,4.90,35.2,27.9,31.0
2020-06-28,0.10,34.7,27.5,30.8
2020-06-29,2.80,32.8,27.0,29.8
2020-06-30,19.30,33.3,25.9,29.2
2020-07-01,24.50,32.0,25.4,28.3
2020-07-02,25.10,31.4,25.6,27.9
2020-07-03,13.30,30.4,25.8,28.0
2020-07-04,12.30,31.1,25.1,27.3
2020-07-05,5.60,31.6,27.0,28.8
2020-07-06,11.10,32.5,27.1,29.4
2020-07-07,5.10,34.1,27.5,30.0
2020-07-08,0.00,35.2,26.8,31.1
2020-07-09,0.00,35.8,27.4,31.5
2020-07-10,0.00,35.5,28.0,31.3
2020-07-11,0.70,32.7,27.6,30.1
2020-07-12,3.80,31.0,26.1,28.7
2020-07-13,10.40,33.2,25.0,28.9
2020-07-14,0.40,33.3,26.7,29.9
2020-07-15,0.80,35.0,27.2,30.7
2020-07-16,2.80,33.5,27.9,30.2
2020-07-17,0.40,35.8,28.0,31.4
2020-07-18,0.00,36.2,28.6,32.0
2020-07-19,5.90,35.1,26.0,31.3
2020-07-20,19.50,31.3,24.9,27.5
2020-07-21,12.40,32.3,25.8,28.0
2020-07-22,1.00,33.0,26.5,29.3
2020-07-23,1.00,33.6,26.5,29.7
2020-07-24,0.80,33.5,26.6,29.9
2020-07-25,0.50,34.7,27.0,30.5
2020-07-26,2.00,34.7,27.5,30.7
2020-07-27,27.00,29.8,24.8,27.8
2020-07-28,20.40,31.4,24.7,27.9
2020-07-29,4.30,32.1,25.0,28.2
2020-07-30,1.10,33.5,25.9,29.7
2020-07-31,1.60,33.5,26.7,29.9
2020-08-01,44.80,31.3,25.8,28.2
2020-08-02,30.90,30.5,25.4,27.4
2020-08-03,31.70,28.9,25.1,26.5
2020-08-04,23.30,27.8,25.3,26.3
2020-08-05,44.80,28.5,24.9,26.4
2020-08-06,40.00,28.6,25.0,26.0
2020-08-07,8.00,30.2,25.8,27.4
2020-08-08,1.80,32.0,26.2,28.4
2020-08-09,8.60,32.1,26.8,29.0
2020-08-10,6.50,33.4,25.4,29.1
2020-08-11,11.00,33.0,26.5,29.4
2020-08-12,16.30,31.9,25.6,28.7
2020-08-13,18.00,29.9,24.1,26.5
2020-08-14,13.70,28.0,24.4,25.9
2020-08-15,18.80,29.3,24.1,26.6
2020-08-16,25.30,29.5,23.8,26.1
2020-08-17,47.00,28.2,24.2,25.6
2020-08-18,36.20,28.2,24.0,25.5
2020-08-19,17.80,28.3,24.0,26.1
2020-08-20,25.40,29.7,24.4,26.6
2020-08-21,11.60,28.2,24.2,25.9
2020-08-22,8.00,30.8,24.7,27.1
2020-08-23,2.50,31.5,25.5,27.8
2020-08-24,0.60,33.0,25.2,28.6
2020-08-25,1.30,33.2,25.9,28.9
2020-08-26,0.00,34.2,25.5,29.7
2020-08-27,0.30,34.2,27.0,30.3
2020-08-28,1.20,32.8,26.6,29.4
2020-08-29,4.00,32.1,25.6,28.6
2020-08-30,6.70,32.6,25.7,28.9
2020-08-31,0.50,32.5,25.6,28.8
2020-09-01,0.00,34.2,25.6,29.8
2020-09-02,0.00,34.3,26.1,30.2
2020-09-03,12.20,33.7,25.4,29.3
2020-09-04,0.00,32.8,26.5,29.3
2020-09-05,12.70,32.8,25.5,29.4
2020-09-06,24.10,31.6,25.8,28.8
2020-09-07,21.10,28.0,24.9,26.3
2020-09-08,19.30,29.3,24.5,26.4
2020-09-09,13.60,29.1,24.9,26.3
2020-09-10,21.20,29.9,24.6,26.8
2020-09-11,23.00,29.7,25.3,27.1
2020-09-12,30.50,29.2,24.5,26.7
2020-09-13,16.30,29.8,24.5,27.0
2020-09-14,12.80,29.0,24.8,26.9
2020-09-15,20.50,31.2,25.1,27.5
2020-09-16,9.40,30.1,25.5,27.6
2020-09-17,16.40,32.3,22.9,27.9
2020-09-18,15.00,29.0,22.9,25.5
2020-09-19,12.40,28.7,23.6,25.7
2020-09-20,14.10,26.9,23.8,25.0
2020-09-21,10.60,29.5,24.5,26.4
2020-09-22,56.10,28.4,24.4,25.9
2020-09-23,38.80,27.8,23.0,25.2
2020-09-24,6.50,27.8,23.2,25.2
2020-09-25,8.10,29.4,24.7,26.8
2020-09-26,29.00,29.3,23.4,26.2
2020-09-27,4.10,28.1,23.8,25.4
2020-09-28,2.20,29.9,24.1,26.5
2020-09-29,8.20,30.8,24.4,27.2
2020-09-30,22.20,30.4,24.6,26.9
2020-10-01,47.20,28.0,24.7,26.0
2020-10-02,11.60,30.5,24.9,27.0
2020-10-03,15.30,29.7,25.4,26.8
2020-10-04,16.50,29.8,24.4,26.7
2020-10-05,11.00,29.2,22.0,25.9
2020-10-06,1.50,27.7,20.4,23.5
2020-10-07,0.00,28.3,19.5,23.5
2020-10-08,0.00,26.9,18.4,22.5
2020-10-09,0.00,27.3,18.3,22.3
2020-10-10,0.00,27.1,17.7,22.0
2020-10-11,0.00,28.0,19.2,22.6
2020-10-12,0.00,29.2,20.5,24.6
2020-10-13,12.90,29.9,22.2,25.6
2020-10-14,53.70,23.5,22.0,22.6
2020-10-15,54.60,24.0,21.4,22.5
2020-10-16,0.10,26.8,20.1,23.2
2020-10-17,0.00,25.0,19.4,22.1
2020-10-18,3.50,23.3,19.0,21.0
2020-10-19,1.80,23.0,18.0,20.5
2020-10-20,0.10,22.8,18.0,20.7
2020-10-21,0.00,26.2,16.2,21.0
2020-10-22,0.00,27.0,13.8,20.3
2020-10-23,0.00,27.2,14.2,20.3
2020-10-24,0.00,26.8,16.5,20.9
2020-10-25,0.60,25.0,19.0,22.0
2020-10-26,9.30,23.5,20.2,21.8
2020-10-27,0.20,28.0,21.4,24.1
2020-10-28,6.10,29.6,21.6,25.2
2020-10-29,12.00,22.8,20.0,21.5
2020-10-30,7.90,22.1,19.9,21.3
2020-10-31,0.00,24.4,19.4,22.0
2020-11-01,0.00,27.4,20.9,23.9
2020-11-02,1.20,25.0,19.2,22.4
2020-11-03,0.00,25.4,18.4,21.3
2020-11-04,0.00,23.8,17.1,20.3
2020-11-05,0.00,25.5,18.5,21.6
2020-11-06,0.50,25.8,19.2,22.3
2020-11-07,0.00,27.5,18.6,22.5
2020-11-08,0.00,27.8,16.1,21.8
2020-11-09,0.00,26.6,13.9,20.1
2020-11-10,0.00,26.4,15.4,19.7
2020-11-11,0.00,26.5,16.6,21.2
2020-11-12,0.00,27.2,14.6,20.9
2020-11-13,0.00,28.0,13.6,20.0
2020-11-14,1.20,27.5,15.4,22.2
2020-11-15,21.70,21.4,18.0,19.9
2020-11-16,26.30,22.0,19.8,21.0
2020-11-17,0.90,27.0,21.0,23.7
2020-11-18,0.30,27.8,22.4,24.4
2020-11-19,1.10,27.4,22.6,24.2
2020-11-20,1.50,27.8,22.8,24.6
2020-11-21,1.20,27.8,23.1,24.8
2020-11-22,3.10,27.4,21.9,24.4
2020-11-23,3.10,27.0,20.5,23.6
2020-11-24,0.20,25.8,20.3,22.7
2020-11-25,0.00,26.2,19.4,22.6
2020-11-26,1.10,26.9,18.1,22.7
2020-11-27,0.00,25.5,15.9,19.9
2020-11-28,0.00,22.5,14.2,18.3
2020-11-29,0.00,21.2,13.1,17.0
2020-11-30,0.00,21.7,14.4,17.7
2020-12-01,0.00,21.5,16.0,18.4
2020-12-02,0.00,20.6,15.9,18.4
2020-12-03,0.00,22.4,13.4,17.8
2020-12-04,0.00,19.8,10.4,15.2
2020-12-05,0.00,18.6,8.9,13.6
2020-12-06,0.00,20.0,10.7,15.2
2020-12-07,0.00,22.1,12.4,17.0
2020-12-08,0.00,21.8,10.4,16.0
2020-12-09,0.00,21.5,12.0,17.9
2020-12-10,0.00,22.5,13.7,18.0
2020-12-11,0.10,23.9,16.1,19.8
2020-12-12,0.30,24.2,18.1,20.7
2020-12-13,5.70,25.6,19.6,22.2
2020-12-14,7.10,21.2,11.3,15.4
2020-12-15,1.30,13.7,10.6,12.2
2020-12-16,0.10,14.2,10.4,12.1
2020-12-17,0.00,15.1,10.4,12.1
2020-12-18,0.00,15.8,10.4,12.9
2020-12-19,0.00,16.7,12.0,13.9
2020-12-20,0.00,19.0,9.3,13.1
2020-12-21,0.00,19.5,9.9,14.0
2020-12-22,0.00,19.4,12.1,15.7
2020-12-23,0.00,20.0,13.6,16.4
2020-12-24,0.00,21.9,12.4,16.9
2020-12-25,0.00,21.2,13.8,17.2
2020-12-26,1.30,21.5,15.4,18.4
2020-12-27,2.70,23.2,17.8,20.4
2020-12-28,1.30,23.8,19.0,21.1
2020-12-29,2.20,24.8,15.1,20.7
2020-12-30,0.00,17.5,10.6,15.4
2020-12-31,0.00,17.1,6.1,11.6
2021-01-01,0.00,17.8,5.4,11.1
2021-01-02,0.00,18.6,5.8,12.2
2021-01-03,0.00,21.5,7.1,13.9
2021-01-04,0.00,22.0,8.8,15.0
2021-01-05,0.00,23.1,10.4,18.4
2021-01-06,0.00,19.5,12.9,16.4
2021-01-07,0.60,15.9,8.1,12.6
2021-01-08,0.00,12.6,8.4,10.2
2021-01-09,0.00,14.5,8.1,10.5
2021-01-10,0.00,15.4,8.0,11.6
2021-01-11,0.00,15.8,7.1,11.0
2021-01-12,0.00,18.2,6.2,12.8
2021-01-13,0.00,20.2,7.2,14.2
2021-01-14,0.00,21.9,8.6,15.0
2021-01-15,0.10,21.6,10.5,17.3
2021-01-16,1.30,20.9,14.6,17.6
2021-01-17,0.40,16.1,8.1,13.5
2021-01-18,0.00,19.8,8.1,13.6
2021-01-19,0.00,21.7,7.9,15.2
2021-01-20,0.00,20.5,12.9,17.2
2021-01-21,0.00,21.8,14.2,17.6
2021-01-22,0.00,23.5,13.9,18.5
2021-01-23,0.00,25.8,14.2,19.6
2021-01-24,2.20,25.0,15.0,20.2
2021-01-25,3.90,23.3,18.2,20.5
2021-01-26,3.70,22.6,15.6,18.8
2021-01-27,1.10,22.8,16.1,19.3
2021-01-28,0.00,19.9,15.1,17.6
2021-01-29,0.00,22.0,14.2,17.7
2021-01-30,1.20,21.5,15.9,18.2
2021-01-31,2.40,20.1,16.9,18.4
2021-02-01,0.20,24.0,16.5,20.2
2021-02-02,0.60,24.0,16.7,20.0
2021-02-03,1.20,24.4,16.7,19.7
2021-02-04,0.60,24.2,14.2,18.8
2021-02-05,0.10,24.7,14.3,19.4
2021-02-06,0.00,25.6,15.8,20.0
2021-02-07,0.00,26.6,16.9,21.3
2021-02-08,22.20,24.5,16.1,19.4
2021-02-09,14.60,17.0,9.8,14.5
2021-02-10,0.00,23.2,11.7,17.1
2021-02-11,0.00,22.4,12.6,17.8
2021-02-12,0.00,22.6,13.1,17.9
2021-02-13,0.00,24.1,14.4,19.1
2021-02-14,0.00,23.9,15.6,19.7
2021-02-15,0.60,24.0,17.2,20.7
2021-02-16,3.00,24.8,16.5,20.6
2021-02-17,0.40,20.0,17.5,18.8
2021-02-18,0.00,24.0,15.9,19.6
2021-02-19,0.00,24.0,13.6,18.8
2021-02-20,0.00,24.4,13.6,19.2
2021-02-21,0.00,26.5,15.1,20.9
2021-02-22,0.80,23.8,17.7,20.8
2021-02-23,0.10,25.1,18.0,21.4
2021-02-24,1.50,26.0,19.2,22.0
2021-02-25,2.30,27.2,20.1,22.8
2021-02-26,4.50,27.4,16.0,22.1
2021-02-27,6.50,18.6,16.4,17.2
2021-02-28,6.90,20.6,16.3,18.9
2021-03-01,2.00,25.9,17.5,21.2
2021-03-02,0.00,20.9,16.6,18.9
2021-03-03,1.60,19.4,15.8,17.4
2021-03-04,1.40,20.7,15.8,18.4
2021-03-05,2.80,23.5,17.6,21.1
2021-03-06,2.20,28.4,18.6,23.4
2021-03-07,1.50,22.3,19.0,20.4
2021-03-08,2.40,25.6,19.9,22.3
2021-03-09,2.30,26.4,20.5,22.5
2021-03-10,2.90,26.9,20.6,23.1
2021-03-11,0.70,26.1,20.0,23.1
2021-03-12,0.50,27.4,20.8,23.3
2021-03-13,0.40,26.5,17.6,22.2
2021-03-14,0.70,26.2,19.1,22.7
2021-03-15,1.80,26.2,21.1,23.5
2021-03-16,2.60,26.6,21.3,23.4
2021-03-17,2.70,27.0,21.6,23.9
2021-03-18,3.50,26.6,21.6,24.1
2021-03-19,2.90,28.0,22.4,24.6
2021-03-20,4.60,27.2,17.9,23.9
2021-03-21,0.10,19.3,15.1,17.5
2021-03-22,0.00,20.5,12.8,16.3
2021-03-23,0.00,22.0,13.9,17.5
2021-03-24,1.10,24.0,15.7,20.6
2021-03-25,2.20,22.8,19.1,21.1
2021-03-26,3.40,26.0,20.5,23.1
2021-03-27,4.40,26.5,22.0,23.7
2021-03-28,3.40,27.0,22.5,24.2
2021-03-29,0.80,30.8,22.6,25.8
2021-03-30,0.20,28.6,21.9,25.2
2021-03-31,0.00,33.1,23.0,27.1
2021-04-01,0.50,31.7,23.6,26.8
2021-04-02,2.80,30.6,24.7,26.9
2021-04-03,4.20,27.7,22.0,25.1
2021-04-04,4.90,28.6,19.8,23.8
2021-04-05,1.90,25.8,20.0,22.6
2021-04-06,0.80,26.0,21.3,23.4
2021-04-07,5.30,27.8,22.2,24.5
2021-04-08,14.40,28.5,18.0,22.5
2021-04-09,4.30,21.7,18.0,19.5
2021-04-10,4.00,23.5,18.3,21.3
2021-04-11,2.60,28.0,21.0,24.3
2021-04-12,1.30,28.9,23.0,25.3
2021-04-13,1.50,27.5,22.9,25.0
2021-04-14,1.80,28.0,24.0,25.7
2021-04-15,4.20,27.7,23.1,25.3
2021-04-16,11.60,28.0,21.0,24.2
2021-04-17,18.20,22.9,20.2,21.4
2021-04-18,3.40,25.0,20.6,22.4
2021-04-19,1.60,28.6,21.7,25.2
2021-04-20,2.30,30.0,24.8,26.7
2021-04-21,4.60,29.5,24.9,26.5
2021-04-22,4.90,30.3,24.6,26.7
2021-04-23,1.80,31.5,25.0,27.3
2021-04-24,4.10,32.0,25.4,27.9
2021-04-25,22.10,29.6,23.5,25.7
2021-04-26,21.20,24.3,20.4,22.0
2021-04-27,3.10,25.3,21.0,22.8
2021-04-28,10.10,25.8,19.2,22.1
2021-04-29,0.00,25.5,18.1,21.7
2021-04-30,0.00,27.5,20.4,23.9
2021-05-01,5.00,28.5,22.1,25.5
2021-05-02,8.10,28.6,24.4,26.0
2021-05-03,6.40,30.2,24.6,26.9
2021-05-04,10.80,32.1,24.2,27.7
2021-05-05,14.40,27.8,22.0,23.9
2021-05-06,0.00,29.0,23.1,25.9
2021-05-07,0.40,31.1,24.0,27.1
2021-05-08,0.70,30.8,24.5,27.1
2021-05-09,0.60,32.0,25.7,28.3
2021-05-10,26.20,33.7,25.0,28.4
2021-05-11,0.00,33.8,26.3,29.5
2021-05-12,7.10,33.8,26.5,28.7
2021-05-13,9.40,30.6,26.1,27.8
2021-05-14,7.90,31.5,26.5,28.4
2021-05-15,8.80,33.6,26.7,29.0
2021-05-16,5.60,34.5,26.4,29.8
2021-05-17,4.30,31.8,26.4,29.1
2021-05-18,2.20,31.8,26.8,28.9
2021-05-19,2.40,34.5,26.6,30.1
2021-05-20,0.50,34.2,27.1,30.1
2021-05-21,0.30,34.8,27.1,30.2
2021-05-22,0.10,35.5,27.2,30.7
2021-05-23,20.30,34.0,25.1,29.3
2021-05-24,3.70,30.4,24.0,26.8
2021-05-25,54.80,29.0,24.6,26.0
2021-05-26,6.00,30.7,25.8,28.0
2021-05-27,3.10,31.6,25.6,28.4
2021-05-28,1.00,31.8,26.4,28.6
2021-05-29,1.80,33.4,26.5,29.8
2021-05-30,3.90,34.8,26.4,30.4
2021-05-31,0.00,34.8,27.2,30.9
2021-06-01,0.00,36.6,27.9,32.1
2021-06-02,0.00,35.6,28.0,31.4
2021-06-03,26.20,36.7,23.9,31.0
2021-06-04,0.30,30.7,22.6,25.9
2021-06-05,0.00,30.1,23.6,26.7
2021-06-06,5.50,32.2,25.5,28.1
2021-06-07,6.00,33.0,25.4,28.3
2021-06-08,15.80,30.8,25.2,27.0
2021-06-09,22.50,29.4,24.4,26.9
2021-06-10,18.10,29.8,25.0,27.3
2021-06-11,10.80,31.9,25.3,27.4
2021-06-12,27.20,31.9,25.6,28.3
2021-06-13,18.60,29.5,24.6,26.8
2021-06-14,13.70,31.2,25.3,27.9
2021-06-15,0.00,33.3,26.3,29.5
2021-06-16,0.00,34.2,27.0,30.6
2021-06-17,0.00,34.5,26.8,30.9
2021-06-18,0.00,35.0,26.7,31.1
2021-06-19,0.00,36.2,26.8,31.7
2021-06-20,0.00,36.7,27.2,32.1
2021-06-21,0.00,36.8,27.2,31.8
2021-06-22,13.90,32.9,25.9,29.5
2021-06-23,3.60,31.6,26.2,28.6
2021-06-24,9.20,30.5,25.7,28.0
2021-06-25,27.50,31.3,25.1,27.5
2021-06-26,3.20,32.2,25.3,28.6
2021-06-27,0.00,34.7,26.7,30.7
2021-06-28,0.00,35.0,27.0,30.5
2021-06-29,1.50,32.4,26.5,29.2
2021-06-30,1.10,33.8,26.5,29.8
2021-07-01,0.00,33.5,26.5,30.1
2021-07-02,0.00,35.2,27.4,30.9
2021-07-03,0.00,32.8,26.7,29.8
2021-07-04,5.50,34.5,27.0,30.3
2021-07-05,14.90,31.3,25.5,28.3
2021-07-06,2.90,32.2,25.7,28.8
2021-07-07,23.90,32.1,25.5,29.2
2021-07-08,22.50,29.1,25.0,26.7
2021-07-09,7.90,30.4,24.8,27.1
2021-07-10,2.20,31.2,24.5,27.7
2021-07-11,1.20,31.8,25.4,28.6
2021-07-12,0.00,33.2,26.2,29.5
2021-07-13,3.10,33.2,27.0,29.6
2021-07-14,1.60,33.5,26.1,29.6
2021-07-15,0.90,32.4,25.4,29.0
2021-07-16,0.30,33.5,25.5,29.7
2021-07-17,0.10,34.5,26.9,30.2
2021-07-18,14.90,30.9,25.3,27.7
2021-07-19,31.10,30.9,24.9,27.4
2021-07-20,17.10,32.0,25.0,27.5
2021-07-21,6.60,31.8,25.4,28.1
2021-07-22,49.00,30.5,25.5,27.5
2021-07-23,23.60,28.2,25.4,26.9
2021-07-24,0.80,33.8,25.8,29.4
2021-07-25,6.40,31.8,25.9,28.8
2021-07-26,0.10,33.2,26.1,29.1
2021-07-27,2.90,33.0,27.1,29.7
2021-07-28,3.70,32.5,26.4,29.0
2021-07-29,5.50,32.0,26.0,28.6
2021-07-30,0.80,33.0,27.0,29.5
2021-07-31,45.00,33.8,25.9,29.3
2021-08-01,9.90,28.2,25.0,26.4
2021-08-02,1.80,33.0,26.4,29.0
2021-08-03,0.00,34.7,26.2,30.0
2021-08-04,0.50,35.5,26.9,30.8
2021-08-05,0.00,35.8,27.5,31.5
2021-08-06,0.00,36.2,27.5,31.7
2021-08-07,0.00,35.5,28.0,31.6
2021-08-08,0.00,34.2,27.8,30.7
2021-08-09,34.10,32.7,25.0,29.0
2021-08-10,26.90,30.1,25.3,27.2
2021-08-11,17.40,30.5,25.2,26.9
2021-08-12,4.70,32.2,25.8,28.4
2021-08-13,10.70,32.8,26.0,28.8
2021-08-14,53.00,31.1,25.1,27.7
2021-08-15,23.50,29.1,24.5,26.5
2021-08-16,2.30,31.9,25.5,28.4
2021-08-17,4.80,32.6,25.0,28.6
2021-08-18,7.60,31.8,25.0,28.2
2021-08-19,10.40,31.6,25.2,28.1
2021-08-20,2.00,31.1,25.9,28.3
2021-08-21,0.80,32.7,26.6,29.3
2021-08-22,0.70,33.7,27.2,30.1
2021-08-23,15.10,32.6,26.1,28.9
2021-08-24,15.30,31.5,25.6,27.9
2021-08-25,2.60,31.4,25.9,28.3
2021-08-26,14.00,30.5,24.5,27.0
2021-08-27,7.10,29.8,24.6,26.6
2021-08-28,8.70,29.3,23.6,25.8
2021-08-29,1.30,31.3,24.5,27.2
2021-08-30,1.00,31.2,24.4,27.7
2021-08-31,1.30,31.5,24.7,28.0
2021-09-01,16.00,31.6,24.9,28.0
2021-09-02,7.40,29.5,24.2,26.6
2021-09-03,6.40,31.0,24.8,27.5
2021-09-04,7.80,30.5,24.5,27.4
2021-09-05,4.50,30.2,24.5,26.6
2021-09-06,2.30,31.4,25.0,27.9
2021-09-07,21.50,31.4,24.2,27.3
2021-09-08,8.80,30.8,24.3,26.7
2021-09-09,1.20,30.5,24.2,26.8
2021-09-10,0.00,33.0,25.2,28.6
2021-09-11,0.10,33.2,25.9,29.4
2021-09-12,5.30,34.1,25.5,30.0
2021-09-13,17.30,31.9,25.2,28.2
2021-09-14,19.80,29.2,24.9,26.5
2021-09-15,14.40,28.6,25.0,26.3
2021-09-16,1.90,30.1,24.7,26.9
2021-09-17,4.80,30.5,25.4,27.3
2021-09-18,5.50,30.2,25.4,27.6
2021-09-19,1.00,31.9,25.0,28.3
2021-09-20,1.50,30.5,24.4,27.1
2021-09-21,4.00,31.3,24.0,27.5
2021-09-22,5.10,27.6,24.0,26.0
2021-09-23,1.60,30.0,24.0,26.5
2021-09-24,21.30,28.6,23.8,25.9
2021-09-25,14.80,29.2,23.4,25.5
2021-09-26,6.20,29.7,23.8,26.0
2021-09-27,1.70,30.2,23.3,26.3
2021-09-28,0.00,31.4,23.5,27.4
2021-09-29,0.00,31.6,24.5,28.0
2021-09-30,0.00,32.0,25.5,28.4
2021-10-01,1.00,30.9,25.2,27.9
2021-10-02,0.10,30.4,23.8,27.2
2021-10-03,0.20,30.8,23.6,27.2
2021-10-04,0.70,31.0,23.9,26.7
2021-10-05,1.30,31.5,24.2,27.5
2021-10-06,1.70,31.7,24.5,27.7
2021-10-07,0.20,33.0,24.1,28.1
2021-10-08,0.00,32.8,24.8,27.9
2021-10-09,43.20,26.4,22.5,24.2
2021-10-10,109.70,25.2,22.0,23.6
2021-10-11,21.70,22.9,19.4,21.8
2021-10-12,0.00,28.7,20.0,23.5
2021-10-13,23.80,27.0,20.8,23.2
2021-10-14,53.60,22.3,20.9,21.4
2021-10-15,29.40,23.5,20.0,21.6
2021-10-16,4.30,22.8,18.9,20.3
2021-10-17,2.90,24.6,18.1,20.9
2021-10-18,3.50,20.8,18.5,19.8
2021-10-19,0.00,26.4,20.0,22.9
2021-10-20,17.00,29.8,19.4,26.0
2021-10-21,7.80,23.2,19.2,21.0
2021-10-22,0.10,20.4,17.6,19.2
2021-10-23,0.00,23.1,15.9,19.1
2021-10-24,0.00,25.6,15.4,20.1
2021-10-25,0.00,25.9,16.4,20.9
2021-10-26,0.00,26.1,17.9,21.8
2021-10-27,0.00,28.0,19.8,23.5
2021-10-28,22.70,23.9,20.9,22.1
2021-10-29,54.70,23.5,19.8,21.7
2021-10-30,10.30,21.6,19.5,20.2
2021-10-31,6.30,22.5,19.8,21.1
2021-11-01,3.40,23.6,20.2,21.7
2021-11-02,3.80,24.5,20.0,21.7
2021-11-03,0.30,26.8,20.3,23.0
2021-11-04,0.30,28.8,22.6,25.0
2021-11-05,0.50,29.1,23.5,25.7
2021-11-06,0.80,29.6,23.7,25.9
2021-11-07,6.50,28.8,17.4,24.0
2021-11-08,0.40,20.2,14.6,17.4
2021-11-09,0.00,22.4,15.1,18.3
2021-11-10,0.00,22.5,13.4,18.4
2021-11-11,0.00,23.4,14.8,19.1
2021-11-12,0.00,24.2,17.9,20.6
2021-11-13,0.00,23.8,14.8,19.4
2021-11-14,0.30,24.1,16.7,19.6
2021-11-15,0.00,24.5,18.1,21.6
2021-11-16,1.30,21.9,20.3,21.1
2021-11-17,1.60,22.0,17.9,20.0
2021-11-18,0.00,22.5,15.3,18.5
2021-11-19,0.40,23.5,16.5,21.4
2021-11-20,2.60,26.7,20.7,23.3
2021-11-21,6.50,27.8,18.5,23.3
2021-11-22,0.30,20.1,15.4,17.6
2021-11-23,0.00,19.0,15.2,16.9
2021-11-24,1.10,19.8,13.6,16.4
2021-11-25,0.00,23.0,13.8,18.0
2021-11-26,0.00,24.0,14.6,19.8
2021-11-27,0.00,23.9,13.8,18.5
2021-11-28,0.00,24.9,13.8,18.9
2021-11-29,0.00,25.4,16.6,20.5
2021-11-30,0.00,24.6,11.6,19.0
2021-12-01,0.00,22.1,9.0,15.9
2021-12-02,0.00,22.0,9.2,15.1
2021-12-03,0.00,22.9,9.6,15.7
2021-12-04,0.00,23.6,10.4,16.4
2021-12-05,0.00,24.0,10.9,16.9
2021-12-06,0.00,24.4,9.4,16.4
2021-12-07,0.00,23.1,10.4,16.6
2021-12-08,4.90,23.6,11.4,19.0
2021-12-09,0.60,21.7,15.0,17.9
2021-12-10,0.00,24.6,15.4,19.6
2021-12-11,0.10,24.8,15.6,19.4
2021-12-12,0.60,24.5,16.5,19.3
2021-12-13,0.00,21.8,10.8,16.3
2021-12-14,0.00,22.3,12.1,17.2
2021-12-15,0.40,22.2,15.5,18.6
2021-12-16,1.90,25.0,17.1,20.2
2021-12-17,0.00,25.5,12.5,19.5
2021-12-18,0.00,22.4,11.4,16.7
2021-12-19,0.00,22.5,11.3,18.4
2021-12-20,0.00,23.6,12.2,17.7
2021-12-21,0.00,25.2,11.5,17.7
2021-12-22,0.00,24.8,12.5,18.2
2021-12-23,0.10,24.5,13.4,19.0
2021-12-24,1.00,23.3,16.7,19.6
2021-12-25,3.30,23.2,16.6,19.9
2021-12-26,0.10,19.5,11.0,15.4
2021-12-27,0.00,14.2,10.6,12.1
2021-12-28,0.00,16.0,10.9,14.0
2021-12-29,0.00,16.9,14.1,15.1
2021-12-30,0.00,20.4,13.9,16.7
2021-12-31,0.00,18.8,13.4,16.0
2022-01-01,0.00,18.9,13.8,16.4
2022-01-02,0.00,20.8,12.4,16.1
2022-01-03,0.00,21.6,12.4,17.6
2022-01-04,0.30,22.8,15.5,18.8
2022-01-05,1.00,22.8,16.0,19.3
2022-01-06,1.10,24.5,17.1,20.0
2022-01-07,4.70,23.1,17.9,19.7
2022-01-08,3.40,21.4,13.7,17.4
2022-01-09,1.80,15.4,13.8,14.5
2022-01-10,1.40,19.1,13.9,16.2
2022-01-11,0.00,19.7,10.2,14.7
2022-01-12,0.40,19.5,11.6,16.9
2022-01-13,0.30,16.2,14.6,15.4
2022-01-14,0.00,20.4,14.8,17.5
2022-01-15,3.30,21.6,16.6,19.3
2022-01-16,22.10,22.6,13.3,16.7
2022-01-17,8.60,14.6,12.1,13.8
2022-01-18,0.00,22.9,10.1,15.6
2022-01-19,9.80,20.2,10.4,15.7
2022-01-20,7.30,19.0,14.4,16.3
2022-01-21,22.50,17.6,15.6,16.5
2022-01-22,2.20,21.0,16.0,18.1
2022-01-23,0.70,23.4,17.3,20.1
2022-01-24,5.00,25.5,17.7,21.5
2022-01-25,1.70,24.2,18.1,20.2
2022-01-26,2.00,24.2,18.6,20.9
2022-01-27,1.20,26.0,19.5,21.7
2022-01-28,5.30,26.0,14.2,20.9
2022-01-29,16.90,15.1,11.6,13.4
2022-01-30,4.60,13.6,10.8,12.2
2022-01-31,4.50,13.1,10.8,11.9
2022-02-01,0.10,14.4,10.8,12.3
2022-02-02,3.00,13.1,10.8,11.6
2022-02-03,0.00,15.9,8.4,11.7
2022-02-04,0.00,16.5,11.6,13.4
2022-02-05,7.30,17.6,12.2,14.1
2022-02-06,3.80,15.6,12.6,14.3
2022-02-07,1.70,21.5,14.0,17.4
2022-02-08,2.80,17.8,11.8,14.7
2022-02-09,1.20,14.5,11.7,12.9
2022-02-10,0.60,17.5,11.9,15.0
2022-02-11,2.80,20.9,14.4,17.2
2022-02-12,13.30,16.6,12.8,14.5
2022-02-13,3.60,16.2,9.6,13.6
2022-02-14,0.00,20.1,10.2,14.7
2022-02-15,0.10,18.1,13.6,16.2
2022-02-16,0.90,19.2,15.1,17.6
2022-02-17,1.20,23.0,17.3,20.7
2022-02-18,57.50,24.1,12.4,18.4
2022-02-19,19.70,12.8,8.6,10.9
2022-02-20,21.10,9.1,8.0,8.5
2022-02-21,0.00,13.8,8.1,10.9
2022-02-22,0.00,14.2,5.9,10.5
2022-02-23,0.00,22.0,6.1,12.3
2022-02-24,0.00,18.7,6.6,12.2
2022-02-25,0.00,18.1,8.1,13.3
2022-02-26,0.00,20.8,9.8,16.7
2022-02-27,0.00,21.8,10.9,16.7
2022-02-28,0.40,21.8,13.0,18.3
2022-03-01,0.80,22.5,17.6,19.9
2022-03-02,0.40,25.2,16.0,20.4
2022-03-03,0.20,25.6,16.9,21.4
2022-03-04,1.30,24.2,19.1,21.5
2022-03-05,0.90,24.0,20.0,21.8
2022-03-06,14.80,24.1,18.5,21.9
2022-03-07,0.70,26.1,12.4,19.1
2022-03-08,0.00,24.2,13.5,18.5
2022-03-09,0.90,22.0,15.3,19.4
2022-03-10,0.10,22.4,18.2,20.2
2022-03-11,0.10,24.8,19.3,21.9
2022-03-12,0.30,25.2,19.9,22.4
2022-03-13,0.40,25.5,20.3,22.7
2022-03-14,0.90,24.9,20.1,22.4
2022-03-15,2.10,27.2,20.5,23.6
2022-03-16,7.00,25.5,21.0,23.0
2022-03-17,1.00,27.2,22.0,24.2
2022-03-18,0.10,28.8,21.9,24.8
2022-03-19,0.80,27.2,22.5,24.4
2022-03-20,1.30,29.9,23.1,25.1
2022-03-21,1.20,29.7,23.4,25.9
2022-03-22,29.50,31.8,16.8,24.6
2022-03-23,11.10,20.0,16.5,17.9
2022-03-24,0.00,22.5,16.8,20.1
2022-03-25,0.00,28.7,19.4,24.0
2022-03-26,0.70,32.1,20.6,26.5
2022-03-27,8.50,22.5,17.1,20.5
2022-03-28,0.00,24.6,16.3,20.0
2022-03-29,0.60,23.4,17.6,21.1
2022-03-30,1.40,25.0,20.5,22.7
2022-03-31,9.30,27.9,19.4,23.4
2022-04-01,2.80,20.8,17.0,18.5
2022-04-02,0.00,20.7,11.1,15.9
2022-04-03,0.00,24.4,12.5,17.8
2022-04-04,0.00,24.6,13.4,18.7
2022-04-05,0.00,26.1,15.4,20.1
2022-04-06,0.00,27.8,16.2,22.0
2022-04-07,0.00,29.9,16.1,22.7
2022-04-08,0.00,29.0,16.2,22.6
2022-04-09,0.00,28.6,16.4,22.2
2022-04-10,0.00,29.0,18.1,23.2
2022-04-11,0.40,27.3,21.1,23.6
2022-04-12,1.30,28.9,21.5,24.4
2022-04-13,0.00,30.0,21.7,25.3
2022-04-14,0.60,30.8,23.5,26.5
2022-04-15,6.40,27.5,23.9,25.5
2022-04-16,21.20,24.6,17.0,20.6
2022-04-17,3.70,20.6,16.9,18.6
2022-04-18,1.10,21.6,16.9,18.7
2022-04-19,0.00,26.2,16.7,20.7
2022-04-20,0.00,26.5,16.3,20.6
2022-04-21,0.10,26.0,18.5,22.6
2022-04-22,0.80,29.9,21.9,25.3
2022-04-23,0.50,30.0,23.9,26.1
2022-04-24,0.40,32.2,24.4,27.3
2022-04-25,0.20,33.3,24.1,28.0
2022-04-26,0.00,33.3,25.1,28.5
2022-04-27,0.40,33.1,25.3,28.1
2022-04-28,1.30,32.5,24.2,27.6
2022-04-29,2.10,30.5,25.1,27.3
2022-04-30,14.40,31.2,19.9,25.4
2022-05-01,0.10,24.6,16.9,21.2
2022-05-02,0.00,27.1,15.9,21.4
2022-05-03,0.00,28.4,16.6,22.3
2022-05-04,0.00,29.5,18.1,23.4
2022-05-05,0.00,29.0,19.2,23.9
2022-05-06,1.10,29.5,21.0,24.3
2022-05-07,3.60,29.9,23.3,25.8
2022-05-08,5.00,30.1,23.2,25.9
2022-05-09,19.10,29.6,24.0,26.2
2022-05-10,24.30,29.9,24.0,26.4
2022-05-11,30.10,32.4,24.3,27.1
2022-05-12,12.30,30.4,23.7,26.7
2022-05-13,16.30,28.9,22.6,25.4
2022-05-14,5.50,29.0,23.4,25.9
2022-05-15,14.40,27.5,19.1,23.7
2022-05-16,2.00,24.5,17.4,21.2
2022-05-17,0.00,27.2,18.8,22.8
2022-05-18,0.00,27.9,21.2,24.3
2022-05-19,0.10,29.2,23.2,25.9
2022-05-20,12.00,30.1,22.6,26.1
2022-05-21,16.80,26.6,22.4,24.4
2022-05-22,32.90,26.3,22.6,24.4
2022-05-23,74.90,28.5,22.6,24.8
2022-05-24,19.50,26.9,23.4,24.8
2022-05-25,0.20,31.4,25.2,27.6
2022-05-26,11.50,30.8,24.5,27.2
2022-05-27,56.60,30.8,24.2,26.8
2022-05-28,15.10,29.4,24.8,26.8
2022-05-29,27.30,30.2,25.0,26.7
2022-05-30,30.10,30.6,23.9,26.4
2022-05-31,6.60,29.8,24.0,26.4
2022-06-01,4.20,31.2,24.9,27.3
2022-06-02,2.10,32.7,25.8,28.5
2022-06-03,0.60,34.0,25.8,29.6
2022-06-04,0.00,35.0,25.9,30.0
2022-06-05,16.40,33.3,24.9,28.5
2022-06-06,10.60,28.6,24.1,26.2
2022-06-07,12.30,30.5,24.1,26.7
2022-06-08,14.60,31.1,24.2,26.9
2022-06-09,10.50,31.6,25.2,27.5
2022-06-10,31.90,32.3,25.0,28.2
2022-06-11,13.80,28.1,25.5,26.7
2022-06-12,0.40,32.8,26.2,29.0
2022-06-13,48.40,32.8,24.9,28.4
2022-06-14,8.70,28.5,24.0,26.0
2022-06-15,6.50,30.3,24.5,27.2
2022-06-16,10.50,31.4,25.2,27.7
2022-06-17,0.10,33.5,25.3,29.5
2022-06-18,0.00,34.2,25.2,29.9
2022-06-19,0.00,34.8,25.8,30.2
2022-06-20,0.00,34.9,27.0,30.7
2022-06-21,0.00,35.5,27.5,30.6
2022-06-22,20.20,33.9,24.2,29.0
2022-06-23,17.00,31.7,24.2,27.6
2022-06-24,1.90,32.5,25.2,28.7
2022-06-25,0.60,32.8,25.5,29.1
2022-06-26,0.80,32.8,26.2,29.3
2022-06-27,0.40,34.5,26.9,30.6
2022-06-28,0.00,35.0,26.8,30.5
2022-06-29,10.30,31.5,24.5,27.9
2022-06-30,15.70,31.9,24.6,27.2
2022-07-01,7.60,31.0,25.6,27.9
2022-07-02,38.40,33.0,26.0,29.1
2022-07-03,0.20,34.7,27.0,30.5
2022-07-04,19.90,35.3,25.9,29.5
2022-07-05,14.50,33.6,26.8,29.5
2022-07-06,8.80,30.5,25.4,27.5
2022-07-07,24.80,30.5,24.5,26.4
2022-07-08,22.70,29.5,23.8,26.2
2022-07-09,7.50,30.0,23.6,26.7
2022-07-10,0.80,31.8,24.8,27.8
2022-07-11,10.90,32.3,24.4,27.9
2022-07-12,6.00,32.3,24.6,27.9
2022-07-13,5.10,31.7,24.3,27.5
2022-07-14,7.40,31.2,25.1,27.5
2022-07-15,1.40,32.5,25.5,28.6
2022-07-16,0.20,33.7,27.2,30.2
2022-07-17,0.70,34.7,28.0,31.0
2022-07-18,9.90,36.0,25.8,30.2
2022-07-19,4.80,33.8,25.9,28.9
2022-07-20,25.20,30.7,24.5,26.9
2022-07-21,12.00,30.5,24.7,26.7
2022-07-22,5.90,30.5,24.4,26.7
2022-07-23,2.30,32.2,25.2,28.3
2022-07-24,0.00,33.1,24.8,29.2
2022-07-25,0.00,34.2,24.6,29.1
2022-07-26,0.00,34.0,25.5,29.3
2022-07-27,0.30,33.5,25.8,29.3
2022-07-28,0.30,34.1,25.5,29.4
2022-07-29,1.30,34.0,26.1,29.7
2022-07-30,26.20,30.7,23.8,27.1
2022-07-31,7.20,31.4,24.5,27.2
2022-08-01,4.40,31.6,25.2,27.8
2022-08-02,0.50,32.2,25.0,28.7
2022-08-03,0.00,33.2,26.0,29.7
2022-08-04,32.60,32.8,24.8,28.6
2022-08-05,26.70,29.6,24.0,26.9
2022-08-06,20.30,29.2,24.2,26.0
2022-08-07,12.10,28.5,24.0,25.9
2022-08-08,30.10,32.8,23.9,27.1
2022-08-09,0.90,31.4,24.2,27.1
2022-08-10,40.90,31.9,24.9,27.2
2022-08-11,72.20,27.1,23.7,25.1
2022-08-12,12.70,26.1,24.0,25.1
2022-08-13,1.60,29.5,24.8,26.9
2022-08-14,1.60,31.9,25.5,28.0
2022-08-15,2.00,31.1,25.1,28.3
2022-08-16,0.20,32.9,25.2,29.0
2022-08-17,5.10,32.5,25.0,28.3
2022-08-18,0.30,33.0,25.8,29.2
2022-08-19,33.20,32.9,25.0,29.1
2022-08-20,42.30,29.9,24.9,26.6
2022-08-21,25.40,28.5,24.4,26.1
2022-08-22,0.60,31.5,25.2,28.0
2022-08-23,8.60,31.6,25.2,28.7
2022-08-24,1.10,33.2,25.9,29.2
2022-08-25,58.90,32.8,24.8,28.0
2022-08-26,26.80,28.9,23.8,25.9
2022-08-27,1.30,32.2,24.8,28.3
2022-08-28,0.40,32.8,26.4,29.1
2022-08-29,0.40,32.9,25.0,29.0
2022-08-30,0.10,33.0,24.9,28.9
2022-08-31,15.40,32.6,24.5,28.6
2022-09-01,12.10,30.1,24.9,26.7
2022-09-02,0.50,31.9,25.0,28.4
2022-09-03,41.00,32.2,24.5,28.2
2022-09-04,9.10,32.2,24.8,27.6
2022-09-05,0.00,33.4,22.9,28.0
2022-09-06,0.00,34.5,24.1,28.3
2022-09-07,12.90,33.2,24.1,27.5
2022-09-08,30.70,26.5,23.2,24.7
2022-09-09,11.10,28.4,23.4,25.4
2022-09-10,4.20,30.2,23.4,26.5
2022-09-11,3.90,30.5,23.5,26.8
2022-09-12,0.60,29.9,24.1,26.7
2022-09-13,0.00,30.9,24.6,27.5
2022-09-14,0.00,32.4,24.4,27.7
2022-09-15,19.10,31.7,24.1,27.2
2022-09-16,54.50,28.4,24.0,25.8
2022-09-17,16.40,28.9,23.1,25.7
2022-09-18,0.10,32.0,24.3,28.1
2022-09-19,0.00,32.8,24.5,28.8
2022-09-20,15.00,32.7,23.5,27.7
2022-09-21,6.50,29.0,23.4,26.1
2022-09-22,7.90,29.1,22.7,25.0
2022-09-23,7.40,31.2,23.7,26.3
2022-09-24,1.90,30.7,23.1,26.4
2022-09-25,4.60,30.0,23.3,25.9
2022-09-26,0.30,31.5,23.9,27.1
2022-09-27,0.20,33.2,24.8,28.1
2022-09-28,38.00,29.1,23.5,25.4
2022-09-29,15.30,28.5,23.8,25.3
2022-09-30,17.10,28.8,23.7,25.3
2022-10-01,35.90,26.1,23.4,24.6
2022-10-02,7.60,28.5,23.1,25.1
2022-10-03,0.30,29.6,22.6,25.8
2022-10-04,2.60,30.5,22.9,26.0
2022-10-05,0.00,31.0,22.2,26.6
2022-10-06,0.40,31.2,22.0,26.3
2022-10-07,2.80,29.3,22.2,25.1
2022-10-08,2.50,28.5,22.9,24.8
2022-10-09,7.00,26.0,20.0,23.2
2022-10-10,0.00,24.8,16.2,20.5
2022-10-11,0.00,27.1,17.1,21.9
2022-10-12,0.00,27.7,18.5,22.7
2022-10-13,0.00,28.1,17.1,22.3
2022-10-14,0.00,29.2,16.5,22.2
2022-10-15,0.00,29.5,16.2,22.4
2022-10-16,0.00,30.5,18.9,24.4
2022-10-17,0.00,30.2,18.9,23.6
2022-10-18,0.00,28.8,15.5,21.8
2022-10-19,12.10,24.8,16.5,19.6
2022-10-20,16.70,19.6,17.7,19.0
2022-10-21,1.40,23.4,19.4,21.3
2022-10-22,0.00,31.4,20.8,25.4
2022-10-23,0.00,31.9,20.6,26.0
2022-10-24,0.10,31.1,21.8,25.7
2022-10-25,0.30,28.8,22.4,25.2
2022-10-26,0.40,28.7,21.8,25.0
2022-10-27,0.00,29.4,21.0,24.8
2022-10-28,1.00,28.2,20.7,25.0
2022-10-29,0.00,29.1,19.6,24.0
2022-10-30,0.00,29.4,18.9,24.3
2022-10-31,0.00,29.0,16.2,22.5
2022-11-01,0.00,28.9,14.0,21.1
2022-11-02,0.00,28.5,14.4,20.9
2022-11-03,0.00,29.5,16.5,22.3
2022-11-04,0.00,29.2,16.6,22.7
2022-11-05,0.00,28.6,15.6,22.0
2022-11-06,0.00,26.9,16.6,21.4
2022-11-07,0.00,26.5,17.0,21.7
2022-11-08,0.00,27.9,16.9,22.0
2022-11-09,0.00,28.2,18.1,22.9
2022-11-10,0.00,28.4,19.6,23.7
2022-11-11,0.20,29.5,21.7,25.2
2022-11-12,0.00,29.7,22.2,25.3
2022-11-13,0.10,29.6,21.6,25.5
2022-11-14,0.00,30.2,21.7,25.6
2022-11-15,2.30,30.0,23.0,25.3
2022-11-16,14.60,29.5,23.3,25.5
2022-11-17,3.00,28.4,23.4,25.1
2022-11-18,4.60,29.1,22.9,25.4
2022-11-19,5.70,26.6,21.5,23.7
2022-11-20,0.30,27.5,19.4,23.5
2022-11-21,0.00,28.4,20.2,23.9
2022-11-22,0.80,30.2,21.2,26.1
2022-11-23,0.00,27.3,22.0,24.4
2022-11-24,3.50,27.3,21.1,23.3
2022-11-25,1.20,25.9,21.6,23.4
2022-11-26,1.00,25.8,22.5,24.0
2022-11-27,0.80,29.6,24.0,26.2
2022-11-28,0.60,31.1,24.5,26.9
2022-11-29,0.80,31.0,24.0,26.9
2022-11-30,5.90,28.0,14.5,19.8
2022-12-01,1.20,14.9,11.4,13.2
2022-12-02,0.00,17.1,11.2,14.7
2022-12-03,0.20,19.7,14.0,17.2
2022-12-04,0.90,18.4,14.2,16.4
2022-12-05,0.00,19.2,10.2,15.1
2022-12-06,0.00,20.1,11.9,15.5
2022-12-07,0.00,17.9,14.1,16.4
2022-12-08,0.00,18.5,15.6,17.1
2022-12-09,0.30,18.8,16.1,17.2
2022-12-10,0.00,19.7,15.9,17.4
2022-12-11,0.00,19.7,13.6,16.8
2022-12-12,0.00,21.9,11.4,16.5
2022-12-13,0.00,20.5,12.2,16.1
2022-12-14,0.00,21.4,8.9,15.4
2022-12-15,0.00,20.7,9.9,15.0
2022-12-16,0.00,24.1,11.6,18.6
2022-12-17,0.00,18.5,12.8,15.9
2022-12-18,0.00,19.0,7.1,13.4
2022-12-19,0.00,18.8,7.6,12.7
2022-12-20,0.00,21.4,8.8,16.7
2022-12-21,0.00,22.4,9.4,16.5
2022-12-22,0.00,23.4,10.2,18.3
2022-12-23,0.00,23.5,10.6,16.9
2022-12-24,0.00,23.5,10.7,16.8
2022-12-25,0.00,23.5,11.6,17.2
2022-12-26,0.00,22.9,12.9,19.3
2022-12-27,0.00,24.1,16.4,19.6
2022-12-28,7.20,14.8,11.1,12.5
2022-12-29,0.00,15.3,11.5,13.2
2022-12-30,0.00,17.4,8.1,12.8
2022-12-31,0.00,21.2,8.5,14.5
2023-01-01,0.00,21.0,9.6,15.5
2023-01-02,0.00,19.4,13.6,16.9
2023-01-03,0.00,21.1,15.1,17.3
2023-01-04,0.00,22.3,11.7,16.8
2023-01-05,0.00,22.6,13.4,17.7
2023-01-06,0.00,24.0,10.6,17.3
2023-01-07,0.00,23.3,10.8,17.1
2023-01-08,0.00,23.0,12.6,17.9
2023-01-09,0.00,22.6,13.6,18.8
2023-01-10,3.30,22.5,15.7,19.6
2023-01-11,0.00,23.6,17.0,19.9
2023-01-12,0.00,25.1,17.8,20.6
2023-01-13,0.30,27.2,17.8,21.4
2023-01-14,0.00,30.9,18.1,22.7
2023-01-15,0.50,19.5,10.5,15.3
2023-01-16,0.00,15.1,10.6,12.6
2023-01-17,0.00,15.1,10.8,12.7
2023-01-18,0.00,17.1,6.8,11.9
2023-01-19,0.00,20.0,8.3,15.4
2023-01-20,0.00,18.5,8.7,13.7
2023-01-21,0.00,22.5,9.7,16.6
2023-01-22,1.50,21.2,14.8,17.5
2023-01-23,0.90,22.0,15.0,18.1
2023-01-24,0.00,19.4,7.3,13.5
2023-01-25,0.00,18.0,8.0,12.8
2023-01-26,1.30,21.4,9.6,16.5
2023-01-27,0.00,18.5,6.8,12.7
2023-01-28,0.00,19.6,6.2,13.0
2023-01-29,0.00,20.7,6.9,13.8
2023-01-30,0.00,21.4,6.9,14.3
2023-01-31,0.00,22.6,8.7,16.0
2023-02-01,1.80,23.5,13.9,18.7
2023-02-02,1.50,24.8,18.0,20.6
2023-02-03,5.90,21.1,18.9,20.0
2023-02-04,7.10,22.9,19.0,20.9
2023-02-05,25.20,19.8,17.5,19.1
2023-02-06,11.70,22.2,19.2,20.7
2023-02-07,18.40,24.0,19.5,21.4
2023-02-08,4.90,24.4,19.7,21.7
2023-02-09,0.80,25.0,20.2,22.3
2023-02-10,1.50,27.5,21.0,23.0
2023-02-11,1.70,28.5,21.3,23.6
2023-02-12,0.90,29.7,21.4,24.1
2023-02-13,10.70,29.9,14.9,22.5
2023-02-14,1.20,19.6,14.5,17.2
2023-02-15,0.10,17.9,15.2,16.3
2023-02-16,0.00,19.0,13.1,16.1
2023-02-17,0.00,21.0,14.1,17.9
2023-02-18,0.80,23.3,15.4,19.0
2023-02-19,3.80,23.4,15.4,18.6
2023-02-20,0.00,24.9,14.2,19.5
2023-02-21,0.00,24.9,15.3,19.7
2023-02-22,0.30,23.0,17.0,19.6
2023-02-23,0.20,23.9,17.7,20.8
2023-02-24,0.50,20.5,15.9,18.6
2023-02-25,0.00,23.2,11.6,17.3
2023-02-26,0.00,21.9,9.6,16.0
2023-02-27,0.00,22.2,10.8,16.4
2023-02-28,0.00,25.0,12.6,18.3
2023-03-01,0.20,24.4,15.8,19.6
2023-03-02,0.00,26.7,13.8,20.9
2023-03-03,0.10,26.3,15.3,21.6
2023-03-04,0.00,24.4,14.6,19.6
2023-03-05,0.00,26.0,14.6,20.6
2023-03-06,0.00,25.9,16.5,21.8
2023-03-07,0.00,25.0,19.5,21.9
2023-03-08,0.30,25.2,17.2,21.0
2023-03-09,0.10,28.8,16.6,22.8
2023-03-10,0.10,29.2,18.0,23.5
2023-03-11,0.60,25.7,20.3,22.8
2023-03-12,13.30,27.9,17.1,21.4
2023-03-13,0.00,22.3,12.4,17.7
2023-03-14,0.00,30.2,14.6,21.0
2023-03-15,1.70,25.5,19.5,21.6
2023-03-16,0.00,27.3,20.5,23.3
2023-03-17,0.60,27.2,20.9,23.3
2023-03-18,1.80,27.5,20.9,23.2
2023-03-19,1.00,27.7,21.5,23.7
2023-03-20,1.20,29.4,22.0,24.7
2023-03-21,0.60,31.0,20.6,25.1
2023-03-22,0.00,34.2,22.1,27.2
2023-03-23,0.00,34.2,22.5,28.0
2023-03-24,2.10,34.2,22.5,27.3
2023-03-25,13.50,26.4,17.9,22.0
2023-03-26,1.00,23.7,18.0,20.7
2023-03-27,0.20,21.8,17.6,19.6
2023-03-28,0.40,21.9,17.4,19.2
2023-03-29,1.60,23.5,17.0,19.9
2023-03-30,0.00,24.0,17.9,20.5
2023-03-31,0.30,25.1,19.5,22.1
2023-04-01,4.00,25.5,20.8,23.2
2023-04-02,1.00,29.9,22.7,25.4
2023-04-03,0.80,31.4,24.0,26.4
2023-04-04,0.40,32.0,22.2,26.6
2023-04-05,0.00,31.7,22.0,26.7
2023-04-06,0.20,30.8,21.0,25.5
2023-04-07,0.20,25.9,21.0,23.2
2023-04-08,0.80,21.1,18.6,19.8
2023-04-09,0.90,23.0,18.3,20.3
2023-04-10,2.00,25.1,19.1,22.5
2023-04-11,4.20,28.4,21.8,25.0
2023-04-12,8.20,28.6,23.6,25.4
2023-04-13,4.10,27.3,23.6,25.1
2023-04-14,2.60,28.0,24.0,25.8
2023-04-15,0.30,30.1,21.7,25.5
2023-04-16,0.10,30.1,21.5,25.4
2023-04-17,0.70,30.5,23.2,26.3
2023-04-18,1.20,33.0,23.8,27.7
2023-04-19,0.00,33.7,23.9,28.3
2023-04-20,0.20,33.0,24.1,28.2
2023-04-21,0.00,33.5,24.3,28.6
2023-04-22,0.20,34.0,26.0,29.2
2023-04-23,0.90,33.3,26.0,28.7
2023-04-24,14.30,30.5,20.1,25.7
2023-04-25,2.20,24.5,20.4,21.8
2023-04-26,0.00,26.9,19.0,22.6
2023-04-27,0.00,29.0,20.9,25.4
2023-04-28,3.80,31.0,24.8,26.9
2023-04-29,11.40,29.0,18.2,23.6
2023-04-30,1.90,25.2,18.4,21.3
2023-05-01,0.00,28.8,20.7,24.3
2023-05-02,1.10,29.5,23.1,26.3
2023-05-03,0.40,31.7,25.5,27.6
2023-05-04,0.30,34.0,24.0,28.6
2023-05-05,0.00,34.7,25.5,29.9
2023-05-06,0.00,37.3,26.9,31.6
2023-05-07,6.60,35.1,22.9,29.9
2023-05-08,1.50,25.9,22.1,24.2
2023-05-09,0.20,28.8,22.5,25.7
2023-05-10,5.80,31.2,24.7,27.0
2023-05-11,7.80,28.4,22.6,25.3
2023-05-12,9.10,28.0,21.8,24.8
2023-05-13,4.50,25.5,19.8,22.9
2023-05-14,0.00,28.4,20.7,24.1
2023-05-15,0.00,29.5,23.0,26.2
2023-05-16,0.10,33.0,23.9,28.5
2023-05-17,0.00,35.5,25.0,29.9
2023-05-18,0.00,35.6,27.0,30.6
2023-05-19,0.00,35.2,25.6,30.4
2023-05-20,0.20,35.5,26.6,30.6
2023-05-21,0.20,36.5,27.5,31.6
2023-05-22,0.00,37.0,25.4,31.6
2023-05-23,22.70,33.2,24.8,28.8
2023-05-24,4.10,31.5,24.2,27.4
2023-05-25,10.50,31.0,24.9,27.4
2023-05-26,10.30,30.9,25.5,27.4
2023-05-27,5.00,31.2,25.5,28.0
2023-05-28,0.70,31.9,25.0,28.3
2023-05-29,0.20,33.0,25.5,29.2
2023-05-30,0.00,34.0,24.9,29.8
2023-05-31,0.00,35.2,26.5,30.4
2023-06-01,0.00,35.8,27.0,31.0
2023-06-02,9.50,36.1,26.3,30.8
2023-06-03,11.60,34.0,25.9,29.5
2023-06-04,19.20,31.2,25.8,28.4
2023-06-05,12.40,31.6,23.9,28.0
2023-06-06,10.80,31.2,24.6,27.7
2023-06-07,15.60,32.0,25.1,28.2
2023-06-08,11.70,32.7,25.1,28.1
2023-06-09,0.10,34.5,25.1,29.2
2023-06-10,0.10,34.7,25.3,30.0
2023-06-11,0.10,35.8,25.7,30.6
2023-06-12,10.80,33.8,26.1,29.2
2023-06-13,39.90,30.5,25.0,27.4
2023-06-14,11.90,31.0,24.8,27.2
2023-06-15,45.00,32.0,24.6,27.7
2023-06-16,8.20,30.5,26.4,28.2
2023-06-17,8.80,32.8,26.1,29.3
2023-06-18,14.10,30.1,26.6,27.8
2023-06-19,18.40,31.5,25.2,28.2
2023-06-20,2.00,31.9,26.0,28.4
2023-06-21,4.00,33.0,25.6,28.7
2023-06-22,31.80,30.8,25.2,27.9
2023-06-23,30.30,31.2,24.6,27.3
2023-06-24,54.90,28.0,24.4,25.5
2023-06-25,18.60,28.5,24.0,26.0
2023-06-26,27.20,28.2,23.7,25.9
2023-06-27,4.40,30.8,24.4,27.1
2023-06-28,0.70,32.2,26.0,28.4
2023-06-29,1.00,33.5,27.0,29.7
2023-06-30,0.40,34.7,27.0,30.7
2023-07-01,1.00,35.3,27.1,31.1
2023-07-02,12.00,35.2,26.1,30.5
2023-07-03,8.30,33.2,26.5,29.3
2023-07-04,15.80,32.3,25.5,28.6
2023-07-05,3.30,32.8,26.1,28.7
2023-07-06,0.00,34.5,27.6,30.7
2023-07-07,0.50,34.9,28.2,31.3
2023-07-08,5.50,33.7,26.4,29.5
2023-07-09,4.20,33.1,26.9,29.6
2023-07-10,0.50,34.2,27.1,30.4
2023-07-11,0.70,33.8,27.2,30.3
2023-07-12,2.50,34.5,26.5,30.3
2023-07-13,0.00,34.3,27.8,30.8
2023-07-14,27.40,32.8,25.1,28.9
2023-07-15,0.80,33.7,26.1,29.3
2023-07-16,0.30,36.0,26.9,30.7
2023-07-17,3.50,36.4,24.1,31.1
2023-07-18,37.00,28.3,23.7,25.2
2023-07-19,8.60,30.4,23.9,26.5
2023-07-20,7.20,29.5,24.5,26.7
2023-07-21,2.70,31.6,25.3,28.3
2023-07-22,0.50,33.2,26.1,29.2
2023-07-23,0.00,33.7,25.9,29.7
2023-07-24,0.00,33.5,25.9,29.7
2023-07-25,0.00,33.8,25.8,29.8
2023-07-26,0.00,34.1,26.1,30.1
2023-07-27,12.10,34.8,25.5,30.2
2023-07-28,2.80,33.3,26.7,29.2
2023-07-29,12.10,33.6,25.1,29.2
2023-07-30,32.80,32.0,24.8,28.2
2023-07-31,11.30,30.9,25.5,27.4
2023-08-01,22.90,31.5,24.8,27.2
2023-08-02,19.90,31.6,24.8,27.0
2023-08-03,16.70,31.1,24.9,27.4
2023-08-04,19.70,28.0,24.9,26.4
2023-08-05,15.80,30.2,25.4,27.1
2023-08-06,25.80,29.8,24.9,27.2
2023-08-07,11.80,30.5,24.4,27.0
2023-08-08,6.70,31.0,24.9,27.5
2023-08-09,1.60,32.5,25.9,28.5
2023-08-10,7.80,32.0,25.8,28.4
2023-08-11,4.20,31.2,24.7,27.3
2023-08-12,7.70,31.4,24.4,27.2
2023-08-13,1.40,32.4,24.8,28.1
2023-08-14,16.50,32.7,24.5,27.8
2023-08-15,18.70,30.8,24.5,27.3
2023-08-16,1.00,32.7,25.6,28.7
2023-08-17,9.30,33.2,26.0,29.9
2023-08-18,16.70,33.4,25.4,29.1
2023-08-19,14.90,31.6,24.8,27.7
2023-08-20,25.80,29.4,23.7,26.5
2023-08-21,8.10,32.0,24.3,27.7
2023-08-22,26.40,31.2,24.6,28.2
2023-08-23,21.80,31.3,24.4,27.3
2023-08-24,18.20,31.0,24.7,26.7
2023-08-25,11.90,30.9,24.6,27.3
2023-08-26,3.80,30.9,25.9,28.0
2023-08-27,22.10,33.4,25.4,28.7
2023-08-28,1.50,30.0,24.5,27.3
2023-08-29,0.00,31.5,23.3,27.4
2023-08-30,0.00,32.0,22.0,27.2
2023-08-31,0.00,33.3,23.6,27.6
2023-09-01,0.00,33.7,24.7,28.3
2023-09-02,0.00,34.8,25.5,29.5
2023-09-03,4.20,27.9,23.5,25.8
2023-09-04,0.60,30.7,24.0,26.5
2023-09-05,0.30,32.8,25.1,28.4
2023-09-06,0.30,34.3,25.5,29.5
2023-09-07,8.50,33.3,24.6,28.5
2023-09-08,9.20,32.0,24.8,27.7
2023-09-09,7.00,30.5,24.7,27.4
2023-09-10,21.50,31.2,24.4,27.1
2023-09-11,7.70,31.6,25.4,27.4
2023-09-12,49.40,29.5,25.0,27.0
2023-09-13,69.20,25.9,23.5,24.6
2023-09-14,35.30,26.0,23.2,24.3
2023-09-15,1.30,29.6,23.9,26.1
2023-09-16,17.20,30.4,23.8,26.3
2023-09-17,10.30,29.9,24.1,26.3
2023-09-18,3.40,30.1,24.1,27.0
2023-09-19,3.00,30.8,25.1,27.7
2023-09-20,4.40,30.6,25.4,27.7
2023-09-21,1.10,31.9,24.8,28.3
2023-09-22,0.00,32.3,25.5,28.5
2023-09-23,0.00,32.2,23.6,28.0
2023-09-24,0.20,32.0,24.8,28.0
2023-09-25,11.00,32.5,24.4,27.0
2023-09-26,46.90,29.5,24.0,25.8
2023-09-27,48.10,29.8,23.5,25.3
2023-09-28,26.10,28.1,23.2,24.9
2023-09-29,20.90,30.1,23.9,26.2
2023-09-30,0.40,31.1,24.4,27.4
2023-10-01,0.00,32.1,23.6,27.8
2023-10-02,0.00,31.9,22.8,27.5
2023-10-03,0.00,31.8,23.9,27.5
2023-10-04,0.00,32.2,24.3,28.2
2023-10-05,0.70,32.5,25.2,28.8
2023-10-06,5.70,31.8,24.0,27.6
2023-10-07,5.70,27.6,22.7,24.8
2023-10-08,0.00,29.6,20.8,25.2
2023-10-09,0.30,29.3,23.0,25.7
2023-10-10,1.60,28.9,21.9,24.7
2023-10-11,0.00,27.8,22.0,24.3
2023-10-12,0.00,28.2,20.8,24.3
2023-10-13,1.00,28.9,22.3,25.3
2023-10-14,0.10,27.8,21.0,24.0
2023-10-15,0.00,28.1,19.4,23.3
2023-10-16,0.00,29.6,19.2,24.5
2023-10-17,0.00,30.1,20.2,24.7
2023-10-18,0.00,31.0,22.1,26.1
2023-10-19,0.30,32.2,23.6,27.1
2023-10-20,0.00,29.8,21.7,26.0
2023-10-21,0.00,28.0,22.0,24.1
2023-10-22,0.00,27.5,21.1,24.0
2023-10-23,0.00,28.6,20.7,24.3
2023-10-24,0.00,30.5,21.5,25.8
2023-10-25,0.00,31.4,22.2,26.6
2023-10-26,0.00,31.4,21.8,26.7
2023-10-27,22.00,31.7,23.2,27.2
2023-10-28,5.70,28.0,22.7,24.5
2023-10-29,11.00,25.0,22.0,23.4
2023-10-30,0.00,29.1,18.6,23.6
2023-10-31,0.00,29.1,18.8,23.5
2023-11-01,0.00,29.0,19.0,23.6
2023-11-02,0.00,28.6,20.5,24.1
2023-11-03,0.30,30.1,22.5,26.1
2023-11-04,1.50,29.5,24.2,26.1
2023-11-05,1.00,31.2,23.8,26.8
2023-11-06,24.70,29.2,20.5,24.3
2023-11-07,0.40,27.2,19.6,23.3
2023-11-08,0.00,29.1,21.2,25.3
2023-11-09,0.20,30.9,24.4,26.9
2023-11-10,0.20,30.4,24.4,27.0
2023-11-11,5.50,31.1,23.8,27.0
2023-11-12,18.30,28.3,16.5,23.1
2023-11-13,10.60,17.1,16.0,16.4
2023-11-14,0.00,21.6,16.1,18.2
2023-11-15,1.20,22.5,17.5,20.1
2023-11-16,0.00,23.9,12.4,17.9
2023-11-17,0.00,24.4,11.1,17.6
2023-11-18,0.00,24.5,12.4,18.0
2023-11-19,0.00,24.0,12.9,17.8
2023-11-20,0.00,25.0,13.6,18.6
2023-11-21,0.00,24.7,14.5,19.1
2023-11-22,0.00,25.2,15.9,20.2
2023-11-23,0.20,26.8,17.5,22.5
2023-11-24,0.30,27.9,17.4,22.6
2023-11-25,0.00,27.1,17.0,21.8
2023-11-26,0.00,27.5,17.4,22.2
2023-11-27,0.60,26.8,15.3,21.3
2023-11-28,0.00,27.2,16.5,20.9
2023-11-29,0.00,26.4,18.8,22.1
2023-11-30,3.40,27.0,17.0,22.8
2023-12-01,3.30,20.5,17.1,18.6
2023-12-02,0.10,20.3,17.0,18.7
2023-12-03,0.00,21.2,17.6,18.9
2023-12-04,0.00,21.0,18.0,19.2
2023-12-05,0.90,22.6,18.7,20.5
2023-12-06,1.70,24.1,13.4,18.6
2023-12-07,0.00,24.7,14.3,19.1
2023-12-08,0.00,25.3,15.8,20.6
2023-12-09,0.30,26.9,18.2,23.1
2023-12-10,2.70,26.9,22.4,24.3
2023-12-11,1.50,28.0,23.0,24.8
2023-12-12,5.60,28.3,21.1,24.0
2023-12-13,0.50,27.0,21.2,23.6
2023-12-14,0.90,27.5,21.9,23.9
2023-12-15,3.80,28.6,15.1,24.0
2023-12-16,0.00,20.0,11.6,16.1
2023-12-17,0.00,15.8,9.8,12.5
2023-12-18,0.40,17.6,11.8,14.7
2023-12-19,0.10,14.8,11.8,13.3
2023-12-20,0.00,18.0,9.7,13.6
2023-12-21,0.00,17.6,6.8,12.5
2023-12-22,0.00,16.2,6.1,11.2
2023-12-23,0.00,18.4,6.9,13.1
2023-12-24,0.00,18.1,6.8,13.1
2023-12-25,0.00,20.0,7.2,13.4
2023-12-26,0.00,20.9,7.8,15.0
2023-12-27,0.00,22.5,10.4,16.4
2023-12-28,0.00,23.8,11.9,18.0
2023-12-29,0.00,24.9,13.7,20.2
2023-12-30,0.00,24.3,17.9,20.5
2023-12-31,5.80,25.9,17.2,20.9
2024-01-01,6.90,26.5,17.4,21.8
2024-01-02,2.60,27.0,16.9,22.0
2024-01-03,0.40,20.8,14.6,17.5
2024-01-04,0.00,22.6,15.6,18.9
2024-01-05,0.90,22.6,17.4,19.7
2024-01-06,2.10,25.4,16.6,20.7
2024-01-07,0.00,25.1,17.0,21.6
2024-01-08,0.10,25.9,19.8,22.2
2024-01-09,11.40,26.0,18.9,21.9
2024-01-10,13.70,20.3,16.8,18.4
2024-01-11,13.60,19.4,16.8,17.9
2024-01-12,12.80,19.3,17.3,18.2
2024-01-13,9.80,20.0,16.6,18.5
2024-01-14,2.70,22.5,17.1,19.7
2024-01-15,0.50,24.9,17.2,20.6
2024-01-16,0.70,23.1,17.1,20.0
2024-01-17,3.10,24.1,18.6,20.7
2024-01-18,0.30,25.3,18.9,21.6
2024-01-19,1.30,25.9,20.2,22.5
2024-01-20,4.50,25.4,13.9,19.1
2024-01-21,12.90,15.2,11.5,13.9
2024-01-22,8.50,12.5,7.9,10.0
2024-01-23,0.50,12.2,7.6,9.7
2024-01-24,0.00,11.7,8.1,9.8
2024-01-25,0.00,12.7,8.6,10.9
2024-01-26,0.10,12.8,10.2,11.2
2024-01-27,0.10,12.2,10.2,11.3
2024-01-28,1.20,14.6,10.6,12.5
2024-01-29,1.10,15.5,11.5,13.5
2024-01-30,0.20,18.8,13.5,16.2
2024-01-31,0.50,20.9,15.8,18.6
2024-02-01,0.40,24.2,18.4,20.8
2024-02-02,1.10,27.0,20.5,22.7
2024-02-03,2.30,26.5,20.5,22.3
2024-02-04,2.40,28.0,20.0,23.7
2024-02-05,8.90,23.5,18.4,21.3
2024-02-06,5.00,20.8,14.1,17.8
2024-02-07,2.40,16.3,11.6,14.0
2024-02-08,0.00,15.1,11.5,12.9
2024-02-09,0.00,18.4,12.1,15.5
2024-02-10,0.00,18.7,9.6,15.4
2024-02-11,0.00,22.1,9.9,16.0
2024-02-12,0.00,22.8,11.2,17.6
2024-02-13,0.40,24.1,15.6,20.3
2024-02-14,0.90,24.8,19.1,21.3
2024-02-15,2.60,25.6,17.6,21.7
2024-02-16,0.00,23.9,15.1,19.4
2024-02-17,0.60,24.6,17.1,20.9
2024-02-18,0.80,28.8,19.7,23.4
2024-02-19,1.30,29.2,21.4,24.4
2024-02-20,0.70,30.9,22.2,25.0
2024-02-21,1.20,31.2,22.4,25.6
2024-02-22,5.70,28.8,15.9,22.6
2024-02-23,5.40,16.8,12.1,14.8
2024-02-24,3.40,14.4,11.6,12.7
2024-02-25,0.50,15.2,11.2,13.4
2024-02-26,0.60,16.6,11.8,13.9
2024-02-27,0.00,15.6,11.6,13.8
2024-02-28,1.10,18.1,13.4,15.6
2024-02-29,0.50,17.0,13.2,15.1
2024-03-01,0.00,16.1,12.8,14.3
2024-03-02,0.00,17.9,10.3,13.4
2024-03-03,0.30,20.2,12.1,17.1
2024-03-04,0.10,25.1,16.2,19.7
2024-03-05,0.00,30.6,17.5,23.9
2024-03-06,0.00,26.0,17.5,21.4
2024-03-07,0.00,22.2,17.6,20.1
2024-03-08,0.00,21.5,17.0,19.3
2024-03-09,2.10,19.0,16.1,17.4
2024-03-10,0.90,19.4,16.1,17.6
2024-03-11,0.00,25.6,14.1,19.2
2024-03-12,0.00,25.2,15.3,20.8
2024-03-13,2.00,23.9,18.9,21.4
2024-03-14,2.80,22.7,19.0,20.6
2024-03-15,3.20,23.8,19.1,22.2
2024-03-16,1.90,26.9,22.0,23.6
2024-03-17,1.30,27.2,22.0,23.8
2024-03-18,14.40,26.7,18.0,23.3
2024-03-19,3.30,22.6,17.6,20.1
2024-03-20,0.00,22.1,14.6,18.9
2024-03-21,0.00,25.1,15.9,20.6
2024-03-22,0.40,26.0,19.4,22.7
2024-03-23,0.70,30.8,22.1,25.2
2024-03-24,1.40,29.9,23.1,25.4
2024-03-25,1.30,30.1,23.4,26.2
2024-03-26,1.00,29.7,22.8,25.6
2024-03-27,1.80,28.5,23.0,25.1
2024-03-28,6.50,27.6,22.0,24.2
2024-03-29,5.60,26.5,20.8,23.0
2024-03-30,0.40,29.8,22.0,25.5
2024-03-31,0.10,30.9,22.2,26.7
2024-04-01,0.00,33.7,22.2,27.8
2024-04-02,0.00,34.5,23.0,28.1
2024-04-03,0.00,34.0,23.5,28.5
2024-04-04,1.10,33.7,24.2,28.9
2024-04-05,9.90,26.7,22.0,24.1
2024-04-06,7.70,28.2,21.4,24.5
2024-04-07,5.00,27.5,20.5,23.9
2024-04-08,0.50,25.4,20.9,23.4
2024-04-09,0.00,26.4,22.2,24.0
2024-04-10,1.20,27.2,22.6,24.4
2024-04-11,1.00,28.7,23.3,25.7
2024-04-12,0.70,30.1,24.3,26.8
2024-04-13,0.60,30.7,24.5,26.9
2024-04-14,0.90,31.9,24.6,27.2
2024-04-15,0.50,30.9,24.6,27.2
2024-04-16,0.50,32.7,24.6,27.6
2024-04-17,1.10,32.3,24.6,27.7
2024-04-18,0.40,32.6,24.9,27.8
2024-04-19,0.30,33.8,25.1,28.8
2024-04-20,0.00,33.5,25.4,29.2
2024-04-21,9.50,30.9,23.5,26.7
2024-04-22,0.10,29.2,23.8,26.5
2024-04-23,2.60,30.3,24.4,27.0
2024-04-24,0.90,29.3,24.5,26.5
2024-04-25,0.40,33.5,25.4,28.7
2024-04-26,0.20,34.4,24.5,29.5
2024-04-27,0.00,36.1,25.1,30.0
2024-04-28,0.00,35.7,25.2,30.1
2024-04-29,0.00,36.2,25.9,30.9
2024-04-30,1.00,37.3,24.3,30.6
2024-05-01,7.50,31.4,22.4,26.3
2024-05-02,34.80,27.5,22.9,25.1
2024-05-03,14.20,29.0,23.6,26.0
2024-05-04,1.10,33.1,24.1,28.1
2024-05-05,3.50,29.1,24.0,25.7
2024-05-06,6.20,28.4,24.0,25.7
2024-05-07,1.50,29.7,23.4,26.0
2024-05-08,36.60,29.5,22.5,25.0
2024-05-09,7.80,30.0,23.5,25.6
2024-05-10,3.60,30.5,24.2,26.6
2024-05-11,6.80,31.9,25.0,27.9
2024-05-12,20.90,30.6,23.6,26.5
2024-05-13,0.60,30.9,22.1,26.5
2024-05-14,1.50,31.3,24.2,27.3
2024-05-15,31.90,30.8,23.7,26.2
2024-05-16,0.00,31.5,22.5,26.9
2024-05-17,1.00,30.3,24.7,27.3
2024-05-18,60.50,30.8,24.1,26.7
2024-05-19,5.30,30.8,22.8,26.5
2024-05-20,8.20,30.9,23.6,26.8
2024-05-21,2.20,30.0,24.2,27.0
2024-05-22,7.60,30.4,24.0,26.8
2024-05-23,2.00,31.3,23.5,27.0
2024-05-24,0.10,31.1,25.2,27.9
2024-05-25,17.30,30.4,25.2,26.9
2024-05-26,5.10,32.3,26.4,28.9
2024-05-27,0.50,34.8,26.8,30.6
2024-05-28,0.90,31.6,26.4,28.5
2024-05-29,1.30,34.5,26.5,30.0
2024-05-30,7.40,32.2,24.9,27.6
2024-05-31,0.60,28.5,23.9,26.0
2024-06-01,0.20,33.5,25.5,29.0
2024-06-02,5.10,32.6,26.2,28.6
2024-06-03,25.30,33.2,25.7,28.3
2024-06-04,16.70,32.6,25.0,27.7
2024-06-05,21.70,29.8,24.2,26.5
2024-06-06,7.20,30.4,24.0,26.9
2024-06-07,28.80,30.6,24.6,27.2
2024-06-08,39.50,29.5,25.0,26.7
2024-06-09,31.70,28.6,24.5,26.0
2024-06-10,21.30,29.9,24.9,26.4
2024-06-11,5.10,31.3,25.3,27.9
2024-06-12,11.90,33.9,25.4,28.7
2024-06-13,0.00,33.8,27.5,30.7
2024-06-14,4.90,32.8,26.1,30.1
2024-06-15,14.40,32.5,25.8,28.6
2024-06-16,4.00,32.5,26.8,29.2
2024-06-17,8.70,35.0,26.4,29.8
2024-06-18,0.30,33.3,26.8,29.7
2024-06-19,6.00,34.5,26.3,29.9
2024-06-20,0.50,34.5,27.5,30.6
2024-06-21,9.40,33.0,26.8,29.8
2024-06-22,6.20,32.2,26.4,29.0
2024-06-23,23.00,32.8,24.7,28.3
2024-06-24,12.00,29.0,25.0,26.8
2024-06-25,20.70,28.4,24.6,26.3
2024-06-26,34.60,30.0,24.4,26.8
2024-06-27,3.10,30.3,24.9,27.4
2024-06-28,0.80,32.0,26.3,29.0
2024-06-29,0.30,34.5,27.3,30.6
2024-06-30,0.00,34.4,27.9,31.0
2024-07-01,0.00,34.9,26.9,30.7
2024-07-02,45.20,30.6,25.0,27.9
2024-07-03,30.10,30.2,24.1,26.9
2024-07-04,3.30,31.5,25.0,27.6
2024-07-05,1.50,32.5,25.5,28.6
2024-07-06,1.50,32.6,25.7,28.7
2024-07-07,1.20,32.4,26.2,29.3
2024-07-08,1.20,32.9,26.8,29.3
2024-07-09,4.30,32.7,26.1,29.3
2024-07-10,11.60,33.6,25.5,29.0
2024-07-11,6.30,33.0,25.9,29.3
2024-07-12,14.80,33.0,25.4,29.1
2024-07-13,14.00,32.0,25.6,28.6
2024-07-14,21.90,31.6,24.1,27.1
2024-07-15,16.70,31.9,24.6,27.9
2024-07-16,6.70,32.2,24.5,27.6
2024-07-17,18.40,31.4,25.4,27.5
2024-07-18,26.00,30.5,24.6,27.1
2024-07-19,13.60,31.8,24.9,27.3
2024-07-20,6.10,31.6,24.8,27.7
2024-07-21,8.00,33.2,25.5,28.5
2024-07-22,13.10,32.2,25.6,28.5
2024-07-23,26.40,29.0,25.7,27.0
2024-07-24,7.40,31.0,25.6,27.6
2024-07-25,1.60,32.8,25.5,29.0
2024-07-26,0.00,37.0,27.1,31.4
2024-07-27,23.80,36.3,25.2,30.9
2024-07-28,40.10,32.3,24.7,27.6
2024-07-29,41.10,28.6,24.6,26.1
2024-07-30,24.20,28.7,24.8,26.1
2024-07-31,29.20,29.9,25.0,26.8
2024-08-01,2.90,31.0,24.8,27.3
2024-08-02,16.80,28.0,25.0,26.1
2024-08-03,6.30,31.5,25.0,27.9
2024-08-04,9.90,32.3,24.6,28.0
2024-08-05,0.90,32.4,25.3,28.5
2024-08-06,6.60,32.9,25.9,28.9
2024-08-07,2.40,33.2,26.4,29.3
2024-08-08,3.20,34.0,26.4,29.8
2024-08-09,0.00,35.7,27.0,31.0
2024-08-10,3.60,36.0,26.0,30.8
2024-08-11,15.30,32.5,25.2,28.2
2024-08-12,20.00,31.9,25.0,27.7
2024-08-13,9.90,30.3,25.1,27.0
2024-08-14,9.70,30.1,25.5,27.3
2024-08-15,20.50,30.9,24.2,27.6
2024-08-16,7.60,32.6,25.0,28.0
2024-08-17,2.10,33.2,25.5,28.5
2024-08-18,5.20,32.1,25.9,28.2
2024-08-19,8.40,33.0,26.0,28.7
2024-08-20,31.90,32.3,25.6,27.9
2024-08-21,22.60,31.1,25.0,27.6
2024-08-22,41.80,31.6,24.6,27.6
2024-08-23,26.80,29.4,24.3,26.3
2024-08-24,34.60,29.2,24.3,26.3
2024-08-25,9.60,29.9,24.4,26.3
2024-08-26,10.00,31.8,23.9,27.3
2024-08-27,0.50,32.1,24.9,28.6
2024-08-28,0.00,33.8,26.0,29.8
2024-08-29,24.30,34.2,24.8,29.2
2024-08-30,16.20,32.0,24.4,28.0
2024-08-31,6.30,32.1,24.7,27.9
2024-09-01,8.00,30.9,25.1,27.7
2024-09-02,3.90,32.5,25.5,28.6
2024-09-03,0.00,33.0,25.0,28.5
2024-09-04,0.00,33.5,25.5,29.5
2024-09-05,5.80,34.2,26.1,30.0
2024-09-06,13.60,35.2,25.9,29.2
2024-09-07,49.70,27.2,25.0,25.8
2024-09-08,56.90,28.8,24.6,26.0
2024-09-09,66.30,27.2,24.0,25.5
2024-09-10,32.80,26.9,24.0,25.1
2024-09-11,16.00,27.5,23.6,25.3
2024-09-12,12.90,30.9,23.7,26.9
2024-09-13,2.20,32.1,24.1,27.5
2024-09-14,0.50,31.6,24.5,27.5
2024-09-15,21.60,32.5,24.3,27.7
2024-09-16,6.50,30.6,24.2,27.0
2024-09-17,21.90,31.1,24.9,27.9
2024-09-18,4.30,32.5,25.0,28.3
2024-09-19,3.60,33.2,24.5,27.9
2024-09-20,24.90,33.3,24.8,28.1
2024-09-21,25.40,31.5,25.1,27.4
2024-09-22,7.40,28.6,24.0,26.1
2024-09-23,0.00,30.0,22.2,25.6
2024-09-24,0.00,31.1,23.2,26.4
2024-09-25,0.00,27.2,22.8,25.0
2024-09-26,0.00,31.0,23.3,26.8
2024-09-27,0.00,31.9,24.9,28.0
2024-09-28,0.70,32.4,26.2,28.7
2024-09-29,35.00,29.3,24.8,26.9
2024-09-30,29.50,29.0,23.9,25.8
2024-10-01,0.50,29.2,19.5,24.7
2024-10-02,0.00,28.0,17.9,23.2
2024-10-03,0.00,27.5,17.5,22.3
2024-10-04,0.00,28.4,17.6,23.0
2024-10-05,0.00,29.0,18.8,23.3
2024-10-06,0.00,31.2,20.5,25.0
2024-10-07,0.00,31.5,20.2,25.5
2024-10-08,0.00,30.4,22.0,26.0
2024-10-09,0.00,29.7,20.5,25.2
2024-10-10,0.00,29.5,20.0,24.8
2024-10-11,0.00,29.6,20.2,24.9
2024-10-12,0.00,29.5,22.1,25.7
2024-10-13,0.00,30.1,21.6,26.0
2024-10-14,0.40,30.9,23.0,26.8
2024-10-15,9.80,29.0,23.1,25.3
2024-10-16,1.60,29.8,23.2,26.0
2024-10-17,3.20,30.0,24.3,26.7
2024-10-18,1.60,30.6,23.6,27.0
2024-10-19,11.10,30.4,23.4,26.4
2024-10-20,0.40,31.2,23.4,26.7
2024-10-21,10.10,29.5,22.6,25.7
2024-10-22,1.60,31.1,22.6,26.9
2024-10-23,0.00,29.1,17.2,23.5
2024-10-24,0.00,29.6,14.9,22.9
2024-10-25,0.00,30.0,16.3,22.3
2024-10-26,2.80,30.9,18.8,25.5
2024-10-27,33.40,24.4,19.5,20.9
2024-10-28,3.20,24.4,19.5,21.3
2024-10-29,0.20,27.3,18.4,22.2
2024-10-30,0.00,28.7,19.3,23.5
2024-10-31,0.00,29.2,19.9,24.3
2024-11-01,0.00,31.6,16.4,24.6
2024-11-02,0.00,29.5,17.9,22.9
2024-11-03,0.00,27.1,19.3,23.2
2024-11-04,0.30,26.8,21.9,24.1
2024-11-05,0.40,25.5,20.0,22.9
2024-11-06,0.00,26.9,17.9,22.6
2024-11-07,0.00,28.9,16.4,22.4
2024-11-08,0.00,27.2,16.0,21.5
2024-11-09,0.00,27.9,16.4,21.8
2024-11-10,0.00,29.5,17.9,22.8
2024-11-11,0.00,30.5,19.5,24.6
2024-11-12,0.00,30.0,20.6,25.2
2024-11-13,0.00,30.4,21.5,25.7
2024-11-14,0.30,29.8,23.2,26.1
2024-11-15,0.00,31.1,23.8,26.7
2024-11-16,0.40,30.8,21.7,26.2
2024-11-17,0.10,30.9,22.1,26.0
2024-11-18,0.40,29.6,22.3,25.4
2024-11-19,0.00,29.8,19.2,24.4
2024-11-20,0.00,28.3,17.6,22.9
2024-11-21,0.00,27.8,17.8,22.1
2024-11-22,0.00,27.0,19.2,22.4
2024-11-23,0.00,26.5,16.5,21.4
2024-11-24,0.00,27.0,17.4,22.9
2024-11-25,1.00,28.8,19.1,23.9
2024-11-26,0.00,21.5,17.5,19.8
2024-11-27,0.00,22.0,17.5,19.5
2024-11-28,0.00,24.0,12.6,18.6
2024-11-29,0.00,25.1,12.9,18.9
2024-11-30,0.00,24.6,13.9,18.9
2024-12-01,0.00,26.0,15.1,21.0
2024-12-02,0.00,25.8,19.4,22.3
2024-12-03,0.20,26.6,18.6,22.5
2024-12-04,0.00,26.9,17.8,22.6
2024-12-05,0.30,26.9,19.6,23.0
2024-12-06,6.80,21.9,17.6,19.3
2024-12-07,1.00,19.0,15.6,17.3
2024-12-08,0.00,19.9,13.6,16.5
2024-12-09,0.10,21.2,15.4,18.5
2024-12-10,0.40,24.0,17.5,20.6
2024-12-11,1.50,23.1,15.1,18.0
2024-12-12,0.30,18.8,14.2,16.4
2024-12-13,0.00,18.5,13.9,16.3
2024-12-14,0.00,17.1,13.8,15.8
2024-12-15,0.70,16.2,12.8,14.4
2024-12-16,0.00,20.8,9.4,15.1
2024-12-17,0.00,22.5,9.9,17.1
2024-12-18,0.00,24.0,12.6,18.1
2024-12-19,0.00,22.8,10.1,16.4
2024-12-20,0.00,21.5,10.4,15.9
2024-12-21,0.00,21.4,11.2,16.2
2024-12-22,0.00,21.9,10.4,16.1
2024-12-23,0.00,22.5,11.2,16.6
2024-12-24,0.00,22.4,11.3,16.7
2024-12-25,0.00,23.8,11.6,18.1
2024-12-26,0.00,23.2,15.8,19.8
2024-12-27,0.00,19.4,16.3,17.7
2024-12-28,0.00,22.1,10.1,16.5
2024-12-29,0.00,21.0,10.6,15.8
2024-12-30,0.00,21.8,12.6,18.6
2024-12-31,0.00,22.9,10.4,16.7
2025-01-01,0.00,23.4,10.6,17.3
2025-01-02,0.00,24.9,12.8,18.6
2025-01-03,0.00,26.0,12.3,18.8
2025-01-04,0.00,23.7,11.9,18.5
2025-01-05,0.00,25.0,11.8,18.5
2025-01-06,0.00,23.8,11.0,17.3
2025-01-07,0.00,23.7,11.1,18.2
2025-01-08,0.20,24.2,15.2,19.5
2025-01-09,0.00,21.2,13.7,17.3
2025-01-10,0.00,19.2,13.4,15.9
2025-01-11,0.00,19.0,6.8,13.5
2025-01-12,0.00,20.6,7.0,13.7
2025-01-13,0.00,20.5,7.3,14.4
2025-01-14,0.10,24.3,8.9,18.2
2025-01-15,0.00,23.8,13.0,18.0
2025-01-16,0.00,23.7,9.9,16.8
2025-01-17,0.00,22.3,10.1,16.3
2025-01-18,0.00,21.5,10.8,16.3
2025-01-19,0.00,23.2,10.6,17.1
2025-01-20,0.00,23.9,11.3,17.7
2025-01-21,0.00,24.8,11.7,18.3
2025-01-22,0.00,23.7,13.1,19.2
2025-01-23,1.10,22.6,15.2,19.4
2025-01-24,4.70,25.3,17.8,20.9
2025-01-25,10.20,23.9,13.9,20.1
2025-01-26,0.40,16.3,12.7,14.7
2025-01-27,0.00,18.8,10.4,14.5
2025-01-28,0.10,18.4,6.6,12.7
2025-01-29,0.00,19.0,6.8,13.6
2025-01-30,0.70,22.0,10.3,18.0
2025-01-31,2.50,25.7,17.0,20.4
2025-02-01,1.80,23.7,19.0,20.7
2025-02-02,2.50,24.5,14.6,19.5
2025-02-03,1.30,18.7,12.1,15.8
2025-02-04,0.00,21.4,12.1,16.1
2025-02-05,0.30,19.8,13.6,17.3
2025-02-06,1.80,20.2,13.1,16.4
2025-02-07,0.00,17.6,11.8,14.6
2025-02-08,0.00,17.3,11.9,14.5
2025-02-09,0.00,16.5,8.4,12.6
2025-02-10,0.00,20.2,9.2,15.3
2025-02-11,0.00,22.5,13.4,18.6
2025-02-12,2.70,23.6,16.4,19.8
2025-02-13,0.10,23.2,16.2,19.4
2025-02-14,1.40,22.1,17.6,19.8
2025-02-15,4.50,25.1,15.4,20.3
2025-02-16,3.40,19.1,15.1,16.7
2025-02-17,2.20,22.5,15.1,18.2
2025-02-18,1.20,18.2,15.0,16.4
2025-02-19,0.30,19.7,15.4,17.5
2025-02-20,0.90,23.2,17.2,20.0
2025-02-21,2.20,20.6,16.3,18.3
2025-02-22,5.70,21.8,14.9,18.1
2025-02-23,1.60,18.5,12.9,15.8
2025-02-24,0.50,15.5,12.0,13.7
2025-02-25,5.40,16.5,12.8,14.5
2025-02-26,0.20,20.2,13.9,16.6
2025-02-27,0.80,22.8,15.6,18.7
2025-02-28,1.10,24.7,17.8,21.2
2025-03-01,1.20,27.7,19.6,22.7
2025-03-02,1.40,28.4,20.5,23.9
2025-03-03,1.70,28.2,21.8,24.5
2025-03-04,4.70,30.5,18.5,25.2
2025-03-05,12.60,24.1,14.1,19.5
2025-03-06,8.20,18.1,14.0,15.9
2025-03-07,0.00,20.0,14.1,16.6
2025-03-08,0.10,19.5,14.6,17.0
2025-03-09,0.70,21.5,15.9,19.1
2025-03-10,0.30,23.6,18.3,20.4
2025-03-11,1.50,25.0,18.9,22.2
2025-03-12,2.30,26.8,20.8,23.3
2025-03-13,2.80,25.5,22.0,23.5
2025-03-14,1.70,28.1,22.4,24.7
2025-03-15,1.90,27.6,18.4,23.0
2025-03-16,0.00,23.0,14.4,18.3
2025-03-17,0.00,21.9,16.0,18.3
2025-03-18,0.00,22.2,14.8,17.6
2025-03-19,0.00,24.0,11.4,18.0
2025-03-20,0.00,25.0,12.8,18.8
2025-03-21,0.00,25.6,13.9,19.5
2025-03-22,0.00,25.9,15.2,20.2
2025-03-23,0.00,27.1,16.4,21.6
2025-03-24,0.00,28.5,18.2,23.4
2025-03-25,0.20,29.6,20.4,23.8
2025-03-26,0.40,29.8,20.9,24.6
2025-03-27,0.40,32.7,22.2,26.0
2025-03-28,4.20,31.9,16.2,25.3
2025-03-29,1.50,19.8,13.4,17.0
2025-03-30,0.00,19.3,13.4,15.9
2025-03-31,0.00,20.3,14.1,16.6
2025-04-01,0.00,22.9,13.6,18.3
2025-04-02,0.00,26.5,14.6,20.2
2025-04-03,0.00,28.0,16.3,21.3
2025-04-04,1.30,26.0,17.9,22.8
2025-04-05,2.20,25.1,20.6,22.3
2025-04-06,0.10,26.7,20.4,23.2
2025-04-07,0.10,27.0,20.5,23.0
2025-04-08,0.50,28.5,21.2,24.3
2025-04-09,1.70,29.4,22.8,25.3
2025-04-10,0.90,30.0,23.2,25.5
2025-04-11,0.80,32.4,23.0,26.7
2025-04-12,15.70,31.6,19.4,25.2
2025-04-13,0.20,26.9,18.6,22.7
2025-04-14,0.00,27.8,17.7,22.6
2025-04-15,0.00,33.8,18.5,25.3
2025-04-16,0.30,31.7,20.5,25.8
2025-04-17,1.10,33.7,23.3,27.0
2025-04-18,0.00,34.8,24.5,28.9
2025-04-19,0.00,36.6,25.1,29.9
2025-04-20,0.10,36.0,24.9,29.6
2025-04-21,0.50,35.3,25.0,29.2
2025-04-22,0.00,35.8,25.2,29.6
2025-04-23,10.40,35.8,25.2,28.2
2025-04-24,27.80,33.0,23.1,27.5
2025-04-25,0.10,29.9,23.6,26.4
2025-04-26,0.50,29.3,24.7,26.6
2025-04-27,11.00,32.3,23.4,27.2
2025-04-28,4.40,29.5,22.1,25.1
2025-04-29,6.60,30.6,23.8,26.4
2025-04-30,50.40,30.0,23.3,25.8
2025-05-01,13.00,28.2,21.8,24.8
2025-05-02,0.00,31.4,23.5,27.0
2025-05-03,0.40,31.5,24.9,27.7
2025-05-04,1.10,33.0,25.2,28.7
2025-05-05,0.30,34.5,25.0,29.6
2025-05-06,1.10,32.3,25.1,28.7
2025-05-07,0.30,32.8,26.2,29.2
2025-05-08,0.30,36.1,26.9,30.8
2025-05-09,0.50,33.7,24.8,29.4
2025-05-10,10.90,32.9,21.1,26.1
2025-05-11,0.60,27.5,16.9,22.3
2025-05-12,0.00,29.0,19.6,24.0
2025-05-13,0.00,30.3,22.2,26.3
2025-05-14,5.30,29.6,25.0,27.0
2025-05-15,47.00,30.5,23.8,26.0
2025-05-16,14.80,28.9,23.9,26.6
2025-05-17,20.90,32.7,25.5,27.0
2025-05-18,61.30,31.1,24.1,26.8
2025-05-19,11.70,31.1,24.5,27.2
2025-05-20,8.30,31.0,26.2,28.0
2025-05-21,4.20,32.8,26.3,29.0
2025-05-22,12.60,30.9,26.0,28.3
2025-05-23,17.40,29.4,24.4,26.2
2025-05-24,10.80,25.0,22.0,23.7
2025-05-25,0.00,28.4,20.6,24.0
2025-05-26,0.00,28.7,21.6,25.1
2025-05-27,4.00,26.9,23.5,25.1
2025-05-28,10.90,30.9,24.5,27.2
2025-05-29,2.90,29.9,23.8,26.6
2025-05-30,2.80,29.1,24.2,26.5
2025-05-31,0.60,34.4,25.9,29.5
2025-06-01,0.00,37.0,26.5,31.6
2025-06-02,10.70,37.4,26.2,31.3
2025-06-03,8.80,33.2,25.0,28.7
2025-06-04,11.60,32.0,24.1,27.3
2025-06-05,2.10,33.1,25.7,29.1
2025-06-06,7.60,32.2,25.5,28.9
2025-06-07,11.10,32.2,26.8,28.7
2025-06-08,16.10,32.0,25.2,28.1
2025-06-09,23.10,32.2,24.9,28.2
2025-06-10,5.90,29.9,24.5,27.1
2025-06-11,0.50,33.6,25.1,28.7
2025-06-12,9.40,34.0,25.0,29.4
2025-06-13,0.60,33.5,25.8,29.0
2025-06-14,0.00,35.3,26.5,30.6
2025-06-15,10.10,34.1,25.4,28.7
2025-06-16,4.60,31.4,25.3,27.7
2025-06-17,22.70,31.5,25.7,27.3
2025-06-18,1.60,34.1,26.5,29.8
2025-06-19,2.30,32.9,25.8,29.1
2025-06-20,47.20,30.9,24.6,27.8
2025-06-21,40.60,29.5,24.4,26.5
2025-06-22,27.40,30.6,24.4,26.3
2025-06-23,12.70,32.8,25.2,28.3
2025-06-24,18.00,32.3,25.5,27.9
2025-06-25,1.30,32.5,25.8,28.5
2025-06-26,28.30,32.8,24.3,28.2
2025-06-27,40.40,30.8,24.0,26.6
2025-06-28,37.20,28.5,24.2,26.1
2025-06-29,37.10,30.5,24.2,26.8
2025-06-30,52.90,30.8,24.4,26.7
2025-07-01,17.40,30.4,24.0,26.5
2025-07-02,15.70,29.6,24.0,26.3
2025-07-03,14.80,30.2,24.1,26.3
2025-07-04,0.20,32.7,24.5,28.1
2025-07-05,0.00,33.8,25.5,29.6
2025-07-06,0.20,33.5,25.3,28.9
2025-07-07,0.50,33.0,25.7,28.9
2025-07-08,0.80,34.0,26.2,29.9
2025-07-09,15.70,35.2,26.0,29.5
2025-07-10,13.40,33.5,24.9,28.7
2025-07-11,36.50,31.7,24.5,27.2
2025-07-12,23.80,30.0,25.0,27.0
2025-07-13,3.50,32.1,25.4,28.5
2025-07-14,15.60,31.1,25.6,28.4
2025-07-15,29.60,33.2,24.7,28.8
2025-07-16,4.10,32.4,25.0,28.7
2025-07-17,0.20,34.5,27.0,30.6
2025-07-18,0.00,35.7,27.3,31.3
2025-07-19,9.40,35.8,26.3,29.4
2025-07-20,8.50,32.5,26.8,29.0
2025-07-21,32.20,32.2,26.1,28.2
2025-07-22,19.20,32.2,26.0,28.1
2025-07-23,16.80,31.4,24.9,27.7
2025-07-24,10.20,30.4,25.0,27.3
2025-07-25,2.20,31.5,25.1,27.7
2025-07-26,4.10,33.0,24.9,28.3
2025-07-27,0.20,34.0,25.6,29.6
2025-07-28,0.00,34.9,26.7,30.3
2025-07-29,0.00,35.7,27.6,31.4
2025-07-30,11.10,35.8,27.6,31.2
2025-07-31,35.40,33.8,25.2,28.9
2025-08-01,5.60,32.1,25.0,27.8
2025-08-02,0.40,34.4,26.4,30.5
2025-08-03,0.00,35.6,27.2,31.4
2025-08-04,0.00,36.3,27.8,31.6
2025-08-05,26.10,33.8,26.8,28.8
2025-08-06,21.20,30.5,25.5,27.6
2025-08-07,0.90,30.7,25.8,28.4
2025-08-08,1.80,33.7,26.8,29.7
2025-08-09,0.30,34.7,27.4,30.8
2025-08-10,17.80,33.2,25.2,29.4
2025-08-11,2.90,33.8,26.3,29.8
2025-08-12,10.80,32.3,24.5,29.1
2025-08-13,0.10,33.0,25.5,29.4
2025-08-14,33.00,32.5,24.3,28.7
2025-08-15,14.00,29.7,23.8,26.4
2025-08-16,11.60,29.1,23.6,25.5
2025-08-17,11.50,33.3,23.6,27.3
2025-08-18,26.50,31.0,24.6,26.6
2025-08-19,8.20,28.2,25.3,26.5
2025-08-20,41.10,31.9,23.8,26.9
2025-08-21,20.90,29.4,24.0,26.7
2025-08-22,10.60,29.9,24.8,27.2
2025-08-23,3.70,30.2,24.6,27.2
2025-08-24,15.60,33.2,24.7,27.3
2025-08-25,37.40,28.5,24.4,26.0
2025-08-26,57.30,27.6,23.1,25.0
2025-08-27,14.60,29.4,23.0,25.5
2025-08-28,12.00,31.3,23.7,26.9
2025-08-29,8.00,30.5,24.9,27.2
2025-08-30,29.90,32.0,24.3,27.4
2025-08-31,12.30,28.3,24.2,26.2
2025-09-01,3.70,30.9,25.0,27.3
2025-09-02,0.50,32.2,25.2,28.2
2025-09-03,0.30,32.8,25.0,28.7
2025-09-04,0.00,33.0,25.2,29.1
2025-09-05,0.00,33.3,25.9,29.5
2025-09-06,0.80,33.2,25.5,29.1
2025-09-07,0.10,33.2,25.6,29.3
2025-09-08,0.10,34.5,26.9,30.2
2025-09-09,8.90,31.9,25.3,27.5
2025-09-10,26.70,30.5,24.4,26.9
2025-09-11,29.30,30.0,24.0,26.3
2025-09-12,10.90,31.0,24.2,26.8
2025-09-13,0.60,32.2,24.2,28.0
2025-09-14,9.00,31.5,23.7,27.7
2025-09-15,12.00,30.5,23.5,26.8
2025-09-16,7.40,31.7,24.2,27.8
2025-09-17,21.10,30.7,23.7,26.5
2025-09-18,14.70,29.5,23.7,26.5
2025-09-19,0.70,32.2,24.5,28.1
2025-09-20,0.00,33.4,25.8,29.5
2025-09-21,11.40,32.7,24.8,27.8
2025-09-22,0.40,30.0,24.3,27.1
2025-09-23,0.70,32.2,24.4,28.0
2025-09-24,3.60,33.9,24.2,29.2
2025-09-25,16.00,26.4,23.5,24.6
2025-09-26,14.00,28.6,23.5,25.3
2025-09-27,4.40,32.1,24.8,27.7
2025-09-28,22.50,32.1,24.2,26.9
2025-09-29,65.80,26.8,23.5,24.6
2025-09-30,38.10,27.0,23.6,24.8
2025-10-01,7.20,28.6,23.9,25.6
2025-10-02,0.20,32.0,24.3,27.7
2025-10-03,0.50,31.6,25.2,28.1
2025-10-04,0.40,31.5,24.0,27.4
2025-10-05,1.90,32.8,25.9,28.9
2025-10-06,88.20,26.0,23.1,24.3
2025-10-07,42.20,26.4,22.9,23.9
2025-10-08,0.70,30.0,22.4,26.2
2025-10-09,0.10,31.4,23.0,27.0
2025-10-10,0.70,31.2,23.8,27.2
2025-10-11,8.00,30.2,23.5,26.2
2025-10-12,2.70,31.2,23.9,27.5
2025-10-13,17.00,30.3,23.8,26.3
2025-10-14,24.00,28.3,23.5,25.1
2025-10-15,10.40,29.0,23.0,25.5
2025-10-16,1.10,30.6,22.9,26.1
2025-10-17,0.20,31.3,22.8,26.8
2025-10-18,0.10,31.4,23.2,27.0
2025-10-19,8.70,30.3,22.9,25.4
2025-10-20,0.00,30.1,21.0,25.3
2025-10-21,0.00,28.1,20.1,24.0
2025-10-22,0.00,26.9,19.9,22.8
2025-10-23,0.10,21.1,19.7,20.5
2025-10-24,0.30,22.8,19.1,20.9
2025-10-25,0.00,26.2,20.8,22.9
2025-10-26,0.00,28.5,19.8,23.9
2025-10-27,0.00,28.2,20.0,23.1
2025-10-28,0.00,27.9,19.8,23.8
2025-10-29,0.20,27.5,20.3,24.5
2025-10-30,1.00,27.1,22.8,24.5
2025-10-31,4.40,25.5,21.3,23.3
2025-11-01,1.80,22.0,20.1,21.3
2025-11-02,1.60,22.2,19.5,20.7
2025-11-03,0.50,21.2,18.9,19.8
2025-11-04,0.20,21.6,18.7,20.4
2025-11-05,0.00,23.7,19.5,21.4
2025-11-06,0.10,25.2,19.9,22.3
2025-11-07,8.40,26.0,21.5,24.1
2025-11-08,11.60,27.7,22.4,24.6
2025-11-09,10.70,28.2,22.5,24.6
2025-11-10,0.80,27.3,21.3,24.0
2025-11-11,0.30,25.3,20.1,22.6
2025-11-12,0.00,26.2,19.6,21.8
2025-11-13,0.00,27.5,15.6,21.7
2025-11-14,0.00,26.4,14.7,20.3
2025-11-15,0.00,27.6,16.1,21.8
2025-11-16,0.30,25.7,19.6,22.1
2025-11-17,1.00,26.6,20.0,23.2
2025-11-18,19.50,20.1,12.6,15.5
2025-11-19,0.00,18.1,11.6,14.9
2025-11-20,0.00,22.6,12.6,17.6
2025-11-21,0.00,23.8,12.1,17.6
2025-11-22,0.00,24.1,13.4,19.6
2025-11-23,0.00,25.1,13.6,18.9
2025-11-24,0.00,26.4,14.7,19.9
2025-11-25,0.00,24.2,10.6,17.5
2025-11-26,0.00,24.1,11.6,16.8
2025-11-27,0.00,24.8,9.4,16.1
2025-11-28,0.00,24.1,9.6,16.2
2025-11-29,0.00,23.4,10.5,16.1
2025-11-30,0.60,23.9,12.7,18.3
2025-12-01,0.00,24.8,17.1,20.7
2025-12-02,2.90,25.8,18.2,21.3
2025-12-03,0.50,23.5,17.6,20.7
2025-12-04,0.00,22.8,18.1,19.7
2025-12-05,0.10,21.5,17.5,19.4
2025-12-06,0.00,23.2,17.6,20.2
2025-12-07,2.00,25.4,18.5,21.3
2025-12-08,0.00,25.7,14.4,19.9
2025-12-09,0.00,25.2,15.2,20.1
2025-12-10,0.00,25.4,15.6,20.4
2025-12-11,0.00,23.5,17.4,20.7
2025-12-12,9.40,22.5,19.5,21.1
2025-12-13,3.20,22.6,16.4,20.2
2025-12-14,0.00,21.5,12.2,16.6
2025-12-15,0.00,21.7,12.7,17.8
2025-12-16,0.10,21.8,17.3,19.5
2025-12-17,0.60,24.4,15.5,19.9
2025-12-18,0.00,24.4,14.8,19.5
2025-12-19,0.70,25.1,15.4,20.7
2025-12-20,1.30,24.9,18.4,21.0
2025-12-21,1.60,25.4,18.1,20.8
2025-12-22,0.40,25.1,17.9,21.6
2025-12-23,2.50,25.7,19.6,21.4
2025-12-24,3.20,24.3,14.9,20.0
2025-12-25,0.20,20.6,13.6,17.2
2025-12-26,0.00,19.6,11.4,15.2
2025-12-27,0.00,20.1,11.4,15.7
2025-12-28,0.00,21.0,15.0,18.1
2025-12-29,1.30,22.0,16.9,19.3
2025-12-30,0.00,24.0,18.0,20.6
2025-12-31,1.60,24.1,17.9,20.7
2026-01-01,3.20,22.1,14.6,18.3
2026-01-02,0.20,16.1,13.3,14.6
2026-01-03,0.00,18.5,13.3,16.2
2026-01-04,1.60,20.9,14.8,17.8
2026-01-05,0.30,16.2,13.8,14.8
2026-01-06,0.10,15.8,8.1,13.0
2026-01-07,0.00,19.8,8.2,13.9
2026-01-08,0.00,20.8,8.5,14.2
2026-01-09,0.00,20.9,8.8,14.3
2026-01-10,0.00,21.5,9.4,15.0
2026-01-11,0.00,22.8,10.1,16.2
2026-01-12,0.00,21.9,10.6,16.1
2026-01-13,0.00,23.2,11.1,17.2
2026-01-14,1.00,23.6,12.5,18.7
2026-01-15,0.10,22.6,17.2,19.7
2026-01-16,0.90,24.6,17.8,20.9
2026-01-17,1.40,24.0,18.3,20.5
2026-01-18,0.00,25.4,18.3,21.4
2026-01-19,1.50,25.5,19.3,21.6
2026-01-20,5.80,25.6,14.7,21.0
2026-01-21,2.50,14.9,9.3,12.6
2026-01-22,0.20,13.5,9.6,11.2
2026-01-23,0.00,15.6,10.3,13.0
2026-01-24,0.00,15.2,11.8,13.9
2026-01-25,0.20,19.9,13.8,16.9
2026-01-26,1.40,21.5,16.2,18.2
2026-01-27,0.00,24.0,15.6,19.3
2026-01-28,0.00,24.0,15.1,19.0
2026-01-29,0.30,24.6,16.5,20.5
2026-01-30,4.60,25.6,17.7,21.0
2026-01-31,0.00,21.1,15.4,17.9
2026-02-01,0.00,20.2,13.9,16.8
2026-02-02,0.00,18.5,10.9,14.8
2026-02-03,0.00,21.8,13.0,16.9
2026-02-04,0.70,22.5,14.6,19.0
2026-02-05,1.00,24.5,18.5,21.2
2026-02-06,0.60,27.4,20.1,22.7
2026-02-07,8.80,23.9,15.1,20.5
2026-02-08,17.10,15.2,11.9,13.3
2026-02-09,1.60,16.4,11.9,13.8
2026-02-10,1.30,21.4,14.1,18.2
2026-02-11,0.70,19.2,16.4,17.6
2026-02-12,3.50,22.3,16.1,19.5
2026-02-13,2.20,24.3,19.1,21.6
2026-02-14,0.30,25.6,19.4,22.2
2026-02-15,0.40,28.8,20.4,23.3
2026-02-16,0.60,27.9,19.9,23.2
2026-02-17,1.60,23.6,16.3,20.6
2026-02-18,0.10,21.8,16.6,19.0
2026-02-19,1.10,22.5,16.9,19.3
2026-02-20,0.00,24.7,16.9,20.1
2026-02-21,0.90,26.0,18.0,21.9
2026-02-22,1.20,26.4,21.0,22.8
2026-02-23,2.10,26.4,20.9,23.2
2026-02-24,3.50,24.8,21.3,22.9
2026-02-25,4.10,25.6,20.9,22.5
2026-02-26,8.00,24.5,20.0,21.6
2026-02-27,0.60,28.9,19.5,24.2
2026-02-28,1.80,29.5,23.2,25.0
2026-03-01,0.70,30.9,23.2,26.1
2026-03-02,6.00,31.0,19.8,25.3
2026-03-03,0.00,25.7,18.2,21.7
2026-03-04,0.00,25.5,15.2,19.8
2026-03-05,0.00,23.3,16.5,20.7
2026-03-06,0.00,26.1,17.9,21.6
2026-03-07,0.40,24.7,18.5,21.7
2026-03-08,0.80,24.8,20.0,22.2
2026-03-09,4.40,21.6,15.4,18.7
2026-03-10,0.00,25.5,15.2,18.9
2026-03-11,0.00,22.9,15.8,20.2
2026-03-12,0.10,25.9,16.2,21.0
2026-03-13,0.00,25.9,17.8,21.2
2026-03-14,0.00,24.4,17.5,20.8
2026-03-15,1.20,25.5,19.2,21.7
2026-03-16,0.80,26.5,19.5,22.5
2026-03-17,0.30,27.5,20.8,23.4
2026-03-18,0.70,27.6,21.5,24.0
2026-03-19,0.60,28.7,21.8,24.3
2026-03-20,2.60,26.5,20.0,24.1
2026-03-21,2.30,25.1,19.8,22.7
2026-03-22,1.20,28.8,21.7,24.3
2026-03-23,1.70,28.8,22.5,24.8
2026-03-24,1.00,29.6,23.0,25.7
2026-03-25,0.70,28.3,23.1,25.3
2026-03-26,1.10,30.6,23.5,26.3
2026-03-27,1.20,29.3,23.5,25.8
2026-03-28,1.50,29.4,24.1,26.2
2026-03-29,2.70,31.0,21.6,26.2
2026-03-30,1.10,32.1,23.4,27.1
2026-03-31,7.60,34.6,23.1,27.9
2026-04-01,0.00,29.7,22.0,24.7
2026-04-02,0.40,29.4,22.5,25.6
2026-04-03,1.30,32.8,23.9,27.4
2026-04-04,0.00,30.5,23.4,26.5
2026-04-05,0.50,32.1,23.7,27.2
2026-04-06,0.00,36.0,24.9,29.7
2026-04-07,0.00,36.2,25.5,30.4
2026-04-08,0.00,34.8,25.3,29.7
2026-04-09,0.10,34.4,24.5,29.2
2026-04-10,0.00,35.3,24.5,29.4
2026-04-11,0.00,37.2,24.6,30.1
2026-04-12,0.00,37.5,24.0,29.8
2026-04-13,0.00,34.7,25.7,29.6
2026-04-14,0.20,34.2,26.5,29.3
2026-04-15,0.70,33.8,26.2,29.0
2026-04-16,3.50,33.3,25.6,29.0
2026-04-17,56.40,27.3,22.4,24.2
2026-04-18,0.90,29.0,23.4,25.7
2026-04-19,2.60,29.0,23.5,25.5
2026-04-20,0.70,29.5,23.5,26.5
2026-04-21,0.90,32.2,25.0,27.7
2026-04-22,13.00,34.2,23.1,28.2
2026-04-23,1.10,28.9,22.2,25.0
2026-04-24,0.00,28.6,21.2,25.0
2026-04-25,0.00,30.0,22.0,25.6
2026-04-26,0.10,29.1,23.2,25.7
2026-04-27,0.20,31.9,24.0,27.2
2026-04-28,18.50,32.0,22.0,27.1
2026-04-29,0.00,30.0,20.8,24.7
2026-04-30,0.00,27.5,19.9,23.4
2026-05-01,0.00,27.8,21.7,24.6
2026-05-02,1.20,31.4,23.1,25.8
2026-05-03,5.20,28.0,19.8,23.9
2026-05-04,0.00,29.9,20.5,24.3
2026-05-05,0.00,29.3,22.2,25.6
2026-05-06,0.50,31.0,24.2,27.4
2026-05-07,55.40,29.9,23.4,26.1
2026-05-08,1.40,29.5,24.0,26.2
2026-05-09,2.20,27.8,22.5,24.6
2026-05-10,1.00,28.4,23.1,25.0
2026-05-11,0.20,31.1,24.6,27.3
2026-05-12,1.20,31.5,25.5,27.8
2026-05-13,0.20,33.1,26.0,29.0
2026-05-14,0.00,33.7,26.6,30.2
2026-05-15,0.30,33.9,27.2,30.5
2026-05-16,37.80,32.3,25.0,27.7
2026-05-17,15.30,29.6,24.5,27.0
2026-05-18,22.80,31.1,24.8,27.1
2026-05-19,20.60,31.4,24.9,27.0
2026-05-20,36.70,31.1,24.7,26.7
2026-05-21,46.10,30.2,24.6,26.8
2026-05-22,6.10,31.9,26.9,29.2
2026-05-23,0.00,35.0,27.7,31.2
2026-05-24,0.00,36.2,28.9,32.0
2026-05-25,0.00,36.5,28.3,32.5
2026-05-26,0.00,36.4,28.5,32.4
2026-05-27,0.30,36.2,27.0,31.7
2026-05-28,1.80,34.3,26.4,30.0
2026-05-29,25.60,31.2,23.8,28.4
2026-05-30,2.30,32.2,25.4,28.0
2026-05-31,0.30,33.2,26.6,29.7
2026-06-01,0.50,34.0,27.3,30.7
2026-06-02,1.70,34.5,27.7,30.7
2026-06-03,0.50,34.8,27.1,30.5
2026-06-04,18.20,35.2,24.3,28.8
2026-06-05,1.60,30.2,25.8,28.4
2026-06-06,0.80,34.8,28.2,31.0
2026-06-07,0.20,36.6,29.1,32.4
2026-06-08,6.20,35.7,23.3,29.4
2026-06-09,18.70,27.0,23.5,24.9
2026-06-10,0.10,30.2,23.8,27.2
2026-06-11,1.00,31.4,25.7,28.1
2026-06-12,0.90,32.0,25.6,28.9
2026-06-13,0.30,34.5,27.5,30.7
2026-06-14,0.60,33.3,27.0,30.2
2026-06-15,22.10,33.8,25.6,28.9
2026-06-16,30.60,30.3,25.0,27.6
2026-06-17,11.50,32.7,25.4,28.6
2026-06-18,0.40,32.6,27.0,29.6
2026-06-19,0.20,33.8,27.7,30.5
2026-06-20,0.10,34.8,27.4,30.7
